code,title
H,"SYSTEMIC HORMONAL PREPARATIONS, EXCL. SEX HORMONES AND INSULINS"
H02,CORTICOSTEROIDS FOR SYSTEMIC USE
H02A,"CORTICOSTEROIDS FOR SYSTEMIC USE, PLAIN"
H02AB,GLUCOCORTICOIDS
H02AB04,METHYLPREDNISOLONE
G,GENITO URINARY SYSTEM AND SEX HORMONES
G03,SEX HORMONES AND MODULATORS OF THE GENITAL SYSTEM
G03B,ANDROGENS
G03BA,3-OXOANDROSTEN (4) DERIVATIVES
G03BA02,METHYLTESTOSTERONE
A,ALIMENTARY TRACT AND METABOLISM
A03,DRUGS FOR FUNCTIONAL GASTROINTESTINAL DISORDERS
A03F,PROPULSIVES
A03FA,PROPULSIVES
A03FA01,METOCLOPRAMIDE
C,CARDIOVASCULAR SYSTEM
C07,BETA BLOCKING AGENTS
C07A,BETA BLOCKING AGENTS
C07AB,"BETA BLOCKING AGENTS, SELECTIVE"
C07AB02,METOPROLOL
J,ANTIINFECTIVES FOR SYSTEMIC USE
J01,ANTIBACTERIALS FOR SYSTEMIC USE
J01X,OTHER ANTIBACTERIALS
J01XD,IMIDAZOLE DERIVATIVES
J01XD01,METRONIDAZOLE
P,"ANTIPARASITIC PRODUCTS, INSECTICIDES AND REPELLENTS"
P01,ANTIPROTOZOALS
P01A,AGENTS AGAINST AMOEBIASIS AND OTHER PROTOZOAL DISEASES
P01AB,NITROIMIDAZOLE DERIVATIVES
P01AB01,METRONIDAZOLE
D,DERMATOLOGICALS
D06,ANTIBIOTICS AND CHEMOTHERAPEUTICS FOR DERMATOLOGICAL USE
D06B,CHEMOTHERAPEUTICS FOR TOPICAL USE
D06BX,OTHER CHEMOTHERAPEUTICS
D06BX01,METRONIDAZOLE
G01,GYNECOLOGICAL ANTIINFECTIVES AND ANTISEPTICS
G01A,"ANTIINFECTIVES AND ANTISEPTICS, EXCL. COMBINATIONS WITH CORTICOSTEROIDS"
G01AF,IMIDAZOLE DERIVATIVES
G01AF01,METRONIDAZOLE
D07AB08,DESONIDE
D01,ANTIFUNGALS FOR DERMATOLOGICAL USE
D01A,ANTIFUNGALS FOR TOPICAL USE
D01AC,IMIDAZOLE AND TRIAZOLE DERIVATIVES
D01AC02,MICONAZOLE
N,NERVOUS SYSTEM
N05,PSYCHOLEPTICS
N05C,HYPNOTICS AND SEDATIVES
N05CD,BENZODIAZEPINE DERIVATIVES
N05CD08,MIDAZOLAM
B,BLOOD AND BLOOD FORMING ORGANS
B05,BLOOD SUBSTITUTES AND PERFUSION SOLUTIONS
B05C,IRRIGATING SOLUTIONS
B05CB,SALT SOLUTIONS
B05CB01,SODIUM CHLORIDE
B05X,I.V. SOLUTION ADDITIVES
B05XA,ELECTROLYTE SOLUTIONS
B05XA03,SODIUM CHLORIDE
V,VARIOUS
V03,ALL OTHER THERAPEUTIC PRODUCTS
V03A,ALL OTHER THERAPEUTIC PRODUCTS
V03AE,DRUGS FOR TREATMENT OF HYPERKALEMIA AND HYPERPHOSPHATEMIA
V03AE01,POLYSTYRENE SULFONATE
H01,PITUITARY AND HYPOTHALAMIC HORMONES AND ANALOGUES
H01A,ANTERIOR PITUITARY LOBE HORMONES AND ANALOGUES
H01AC,SOMATROPIN AND SOMATROPIN AGONISTS
H01AC01,SOMATROPIN
A06,DRUGS FOR CONSTIPATION
A06A,DRUGS FOR CONSTIPATION
A06AD,OSMOTICALLY ACTING LAXATIVES
A06AD18,SORBITOL
v04,DIAGNOSTIC AGENTS
v04c,OTHER DIAGNOSTIC AGENTS
v04cj,TESTS FOR THYREOIDEA FUNCTION
v04cj02,PROTIRELIN
C07AA,"BETA BLOCKING AGENTS, NON-SELECTIVE"
C07AA07,SOTALOL
J01R,COMBINATIONS OF ANTIBACTERIALS
J01RA,COMBINATIONS OF ANTIBACTERIALS
J01RA01,"PENICILLINS, COMBINATIONS WITH OTHER ANTIBACTERIALS"
C03,DIURETICS
C03D,POTASSIUM-SPARING AGENTS
C03DA,ALDOSTERONE ANTAGONISTS
C03DA01,SPIRONOLACTONE
V04CF,TUBERCULOSIS DIAGNOSTICS
J01G,AMINOGLYCOSIDE ANTIBACTERIALS
J01GA,STREPTOMYCINS
J01GA01,STREPTOMYCIN
V04CF01,TUBERCULIN
M,MUSCULO-SKELETAL SYSTEM
M03,MUSCLE RELAXANTS
M03A,"MUSCLE RELAXANTS, PERIPHERALLY ACTING AGENTS"
M03AB,CHOLINE DERIVATIVES
M03AB01,SUXAMETHONIUM
A02,DRUGS FOR ACID RELATED DISORDERS
A02B,DRUGS FOR PEPTIC ULCER AND GASTRO-OESOPHAGEAL REFLUX DISEASE (GORD)
A02BX,OTHER DRUGS FOR PEPTIC ULCER AND GASTRO-OESOPHAGEAL REFLUX DISEASE (GORD)
A02BX02,SUCRALFATE
N01,ANESTHETICS
N01A,"ANESTHETICS, GENERAL"
N01AH,OPIOID ANESTHETICS
N01AH03,SUFENTANIL
S,SENSORY ORGANS
S01,OPHTHALMOLOGICALS
S01A,ANTIINFECTIVES
S01AB,SULFONAMIDES
S01AB04,SULFACETAMIDE
A07,"ANTIDIARRHEALS, INTESTINAL ANTIINFLAMMATORY/ANTIINFECTIVE AGENTS"
A07E,INTESTINAL ANTIINFLAMMATORY AGENTS
A07EC,AMINOSALICYLIC ACID AND SIMILAR AGENTS
A07EC01,SULFASALAZINE
B03,ANTIANEMIC PREPARATIONS
B03B,VITAMIN B12 AND FOLIC ACID
B03BB,FOLIC ACID AND DERIVATIVES
B03BB01,FOLIC ACID
N02,ANALGESICS
N02C,ANTIMIGRAINE PREPARATIONS
N02CC,SELECTIVE SEROTONIN (5HT1) AGONISTS
N02CC01,SUMATRIPTAN
L,ANTINEOPLASTIC AND IMMUNOMODULATING AGENTS
L02,ENDOCRINE THERAPY
L02B,HORMONE ANTAGONISTS AND RELATED AGENTS
L02BA,ANTI-ESTROGENS
L02BA01,TAMOXIFEN
A02BA,H2-RECEPTOR ANTAGONISTS
A02BA02,RANITIDINE
G04,UROLOGICALS
G04B,UROLOGICALS
G04BE,DRUGS USED IN ERECTILE DYSFUNCTION
G04BE03,SILDENAFIL
S01X,OTHER OPHTHALMOLOGICALS
S01XA,OTHER OPHTHALMOLOGICALS
B05XA02,SODIUM BICARBONATE
R,RESPIRATORY SYSTEM
R01,NASAL PREPARATIONS
R01A,DECONGESTANTS AND OTHER NASAL PREPARATIONS FOR TOPICAL USE
R01AX,OTHER NASAL PREPARATIONS
M05,DRUGS FOR TREATMENT OF BONE DISEASES
M05B,DRUGS AFFECTING BONE STRUCTURE AND MINERALIZATION
M05BA,BISPHOSPHONATES
M05BA04,ALENDRONIC ACID
C02,ANTIHYPERTENSIVES
C02D,"ARTERIOLAR SMOOTH MUSCLE, AGENTS ACTING ON"
C02DC,PYRIMIDINE DERIVATIVES
C02DC01,MINOXIDIL
D11,OTHER DERMATOLOGICAL PREPARATIONS
D11A,OTHER DERMATOLOGICAL PREPARATIONS
D11AX,OTHER DERMATOLOGICALS
D11AX01,MINOXIDIL
N06,PSYCHOANALEPTICS
N06A,ANTIDEPRESSANTS
N06AG,MONOAMINE OXIDASE A INHIBITORS
N06AG02,MOCLOBEMIDE
D11AX13,MONOBENZONE
R03,DRUGS FOR OBSTRUCTIVE AIRWAY DISEASES
R03D,OTHER SYSTEMIC DRUGS FOR OBSTRUCTIVE AIRWAY DISEASES
R03DC,LEUKOTRIENE RECEPTOR ANTAGONISTS
R03DC03,MONTELUKAST
N02A,OPIOIDS
N02AA,NATURAL OPIUM ALKALOIDS
N02AA01,MORPHINE
A11,VITAMINS
A11A,"MULTIVITAMINS, COMBINATIONS"
A11AA,MULTIVITAMINS WITH MINERALS
D06A,ANTIBIOTICS FOR TOPICAL USE
D06AX,OTHER ANTIBIOTICS FOR TOPICAL USE
D06AX09,MUPIROCIN
L04,IMMUNOSUPPRESSANTS
L04A,IMMUNOSUPPRESSANTS
L04AA,SELECTIVE IMMUNOSUPPRESSANTS
L04AA06,MYCOPHENOLIC ACID
A01,STOMATOLOGICAL PREPARATIONS
A01A,STOMATOLOGICAL PREPARATIONS
A01AA,CARIES PROPHYLACTIC AGENTS
A01AA01,SODIUM FLUORIDE
L04AA31,TERIFLUNOMIDE
A12,MINERAL SUPPLEMENTS
A12C,OTHER MINERAL SUPPLEMENTS
A12CD,FLUORIDE
A12CD01,SODIUM FLUORIDE
H01CB01,SOMATOSTATIN
S01B,ANTIINFLAMMATORY AGENTS
S01BA,"CORTICOSTEROIDS, PLAIN"
S01BA07,FLUOROMETHOLONE
L01,ANTINEOPLASTIC AGENTS
L01B,ANTIMETABOLITES
L01BC,PYRIMIDINE ANALOGUES
L01BC02,FLUOROURACIL
J05AX15,SOFOSBUVIR
L01XE04,SUNITINIB
N06AB,SELECTIVE SEROTONIN REUPTAKE INHIBITORS
N06AB03,FLUOXETINE
N05A,ANTIPSYCHOTICS
N05AB,PHENOTHIAZINES WITH PIPERAZINE STRUCTURE
N05AB02,FLUPHENAZINE
N02B,OTHER ANALGESICS AND ANTIPYRETICS
N02BE,ANILIDES
N02BE01,PARACETAMOL
N05CD01,FLURAZEPAM
L02BB,ANTI-ANDROGENS
L02BB01,FLUTAMIDE
R03B,"OTHER DRUGS FOR OBSTRUCTIVE AIRWAY DISEASES, INHALANTS"
R03BA,GLUCOCORTICOIDS
R03BA05,FLUTICASONE
N06AB08,FLUVOXAMINE
V03AF07,RASBURICASE
G01AX,OTHER ANTIINFECTIVES AND ANTISEPTICS
G01AX06,FURAZOLIDONE
C03C,HIGH-CEILING DIURETICS
C03CA,"SULFONAMIDES, PLAIN"
C03CA01,FUROSEMIDE
N03,ANTIEPILEPTICS
N03A,ANTIEPILEPTICS
N03AX,OTHER ANTIEPILEPTICS
N03AX12,GABAPENTIN
V08,CONTRAST MEDIA
V08C,MAGNETIC RESONANCE IMAGING CONTRAST MEDIA
V08CA,PARAMAGNETIC CONTRAST MEDIA
V08CA01,GADOPENTETIC ACID
B05A,BLOOD AND RELATED PRODUCTS
B05AA,BLOOD SUBSTITUTES AND PLASMA PROTEIN FRACTIONS
B05AA06,GELATIN AGENTS
L01BC05,GEMCITABINE
C10,LIPID MODIFYING AGENTS
C10A,"LIPID MODIFYING AGENTS, PLAIN"
C10AB,FIBRATES
C10AB04,GEMFIBROZIL
J01GB,OTHER AMINOGLYCOSIDES
J01GB03,GENTAMICIN
S03,OPHTHALMOLOGICAL AND OTOLOGICAL PREPARATIONS
S03A,ANTIINFECTIVES
S03AA,ANTIINFECTIVES
S03AA06,GENTAMICIN
S01AA,ANTIBIOTICS
S01AA11,GENTAMICIN
A10,DRUGS USED IN DIABETES
A10B,"BLOOD GLUCOSE LOWERING DRUGS, EXCL. INSULINS"
A10BB,"SULFONAMIDES, UREA DERIVATIVES"
A10BB01,GLIBENCLAMIDE
A10BB09,GLICLAZIDE
N05AX,OTHER ANTIPSYCHOTICS
N05AX12,ARIPIPRAZOLE
N03AX14,LEVETIRACETAM
C01,CARDIAC THERAPY
C01D,VASODILATORS USED IN CARDIAC DISEASES
C01DX,OTHER VASODILATORS USED IN CARDIAC DISEASES
C01DX16,NICORANDIL
A02BC,PROTON PUMP INHIBITORS
A02BC05,ESOMEPRAZOLE
M05BA07,RISEDRONIC ACID
N06B,"PSYCHOSTIMULANTS, AGENTS USED FOR ADHD AND NOOTROPICS"
N06BA,CENTRALLY ACTING SYMPATHOMIMETICS
N06BA07,MODAFINIL
C02K,OTHER ANTIHYPERTENSIVES
C02KX,OTHER ANTIHYPERTENSIVES
C02KX01,BOSENTAN
N04,ANTI-PARKINSON DRUGS
N04B,DOPAMINERGIC AGENTS
N04BA,DOPA AND DOPA DERIVATIVES
N04BA03,"LEVODOPA, DECARBOXYLASE INHIBITOR AND COMT INHIBITOR"
D07,"CORTICOSTEROIDS, DERMATOLOGICAL PREPARATIONS"
D07A,"CORTICOSTEROIDS, PLAIN"
D07AC,"CORTICOSTEROIDS, POTENT (GROUP III)"
D07AC13,MOMETASONE
D11AH,"AGENTS FOR DERMATITIS, EXCLUDING CORTICOSTEROIDS"
D11AH02,PIMECROLIMUS
L02A,HORMONES AND RELATED AGENTS
L02AE,GONADOTROPIN RELEASING HORMONE ANALOGUES
L02AE02,LEUPRORELIN
D07C,"CORTICOSTEROIDS, COMBINATIONS WITH ANTIBIOTICS"
D07CC,"CORTICOSTEROIDS, POTENT, COMBINATIONS WITH ANTIBIOTICS"
D07CC01,BETAMETHASONE AND ANTIBIOTICS
D01AC08,KETOCONAZOLE
R05,COUGH AND COLD PREPARATIONS
B05BA01,AMINO ACIDS
R05C,"EXPECTORANTS, EXCL. COMBINATIONS WITH COUGH SUPPRESSANTS"
R05CB,MUCOLYTICS
B05B,I.V. SOLUTIONS
B05BA,SOLUTIONS FOR PARENTERAL NUTRITION
B05BA10,COMBINATIONS
J06,IMMUNE SERA AND IMMUNOGLOBULINS
J06B,IMMUNOGLOBULINS
J06BA,"IMMUNOGLOBULINS, NORMAL HUMAN"
J06BA02,"IMMUNOGLOBULINS, NORMAL HUMAN, FOR INTRAVASCULAR ADM."
J02,ANTIMYCOTICS FOR SYSTEMIC USE
J02A,ANTIMYCOTICS FOR SYSTEMIC USE
J02AC,TRIAZOLE DERIVATIVES
J02AC03,VORICONAZOLE
A16,OTHER ALIMENTARY TRACT AND METABOLISM PRODUCTS
A16A,OTHER ALIMENTARY TRACT AND METABOLISM PRODUCTS
A16AX,VARIOUS ALIMENTARY TRACT AND METABOLISM PRODUCTS
A16AX04,NITISINONE
N06AX,OTHER ANTIDEPRESSANTS
N06AX16,VENLAFAXINE
M01,ANTIINFLAMMATORY AND ANTIRHEUMATIC PRODUCTS
M01A,"ANTIINFLAMMATORY AND ANTIRHEUMATIC PRODUCTS, NON-STEROIDS"
M01AB,ACETIC ACID DERIVATIVES AND RELATED SUBSTANCES
M01AB15,KETOROLAC
B05BB,SOLUTIONS AFFECTING THE ELECTROLYTE BALANCE
B05BB01,ELECTROLYTES
M01AB05,DICLOFENAC
M02,TOPICAL PRODUCTS FOR JOINT AND MUSCULAR PAIN
M02A,TOPICAL PRODUCTS FOR JOINT AND MUSCULAR PAIN
M02AA,"ANTIINFLAMMATORY PREPARATIONS, NON-STEROIDS FOR TOPICAL USE"
M02AA13,IBUPROFEN
L03,IMMUNOSTIMULANTS
L03A,IMMUNOSTIMULANTS
L03AX,OTHER IMMUNOSTIMULANTS
L03AX13,GLATIRAMER ACETATE
A10BD,COMBINATIONS OF ORAL BLOOD GLUCOSE LOWERING DRUGS
A10BD02,METFORMIN AND SULFONAMIDES
L01XE36,ALECTINIB
N02AA02,OPIUM
A10BD05,METFORMIN AND PIOGLITAZONE
R03A,"ADRENERGICS, INHALANTS"
R03AK,"ADRENERGICS IN COMBINATION WITH CORTICOSTEROIDS OR OTHER DRUGS, EXCL. ANTICHOLINERGICS"
R03AK04,SALBUTAMOL AND SODIUM CROMOGLICATE
S03AA07,CIPROFLOXACIN
V03AC,IRON CHELATING AGENTS
V03AC02,DEFERIPRONE
R05X,OTHER COLD PREPARATIONS
d06a,ANTIBIOTICS FOR TOPICAL USE
d06ax,OTHER ANTIBIOTICS FOR TOPICAL USE
L01A,ALKYLATING AGENTS
L01AX,OTHER ALKYLATING AGENTS
L01AX03,TEMOZOLOMIDE
L01C,PLANT ALKALOIDS AND OTHER NATURAL PRODUCTS
L01CD,TAXANES
L01CD02,DOCETAXEL
N02CC04,RIZATRIPTAN
S01AE,FLUOROQUINOLONES
S01AE05,LEVOFLOXACIN
N06D,ANTI-DEMENTIA DRUGS
N06DX,OTHER ANTI-DEMENTIA DRUGS
N06DX01,MEMANTINE
D05,ANTIPSORIATICS
D05A,ANTIPSORIATICS FOR TOPICAL USE
D05AX,OTHER ANTIPSORIATICS FOR TOPICAL USE
D05AX52,"CALCIPOTRIOL, COMBINATIONS"
G04BD,DRUGS FOR URINARY FREQUENCY AND INCONTINENCE
G04BD08,SOLIFENACIN
J01XB,POLYMYXINS
J01XB01,COLISTIN
N06AB05,PAROXETINE
N06AX21,DULOXETINE
R01AD09,MOMETASONE
B05D,PERITONEAL DIALYTICS
B05DA,ISOTONIC SOLUTIONS
B01,ANTITHROMBOTIC AGENTS
B01A,ANTITHROMBOTIC AGENTS
B01AE,DIRECT THROMBIN INHIBITORS
B01AE07,DABIGATRAN ETEXILATE
L04AX04,LENALIDOMIDE
J01M,QUINOLONE ANTIBACTERIALS
J01MA,FLUOROQUINOLONES
J01MA14,MOXIFLOXACIN
S01L,OCULAR VASCULAR DISORDER AGENTS
S01LA,ANTINEOVASCULARISATION AGENTS
S01LA01,VERTEPORFIN
L04AA27,FINGOLIMOD
M05BB,"BISPHOSPHONATES, COMBINATIONS"
M05BB03,ALENDRONIC ACID AND COLECALCIFEROL
N04BC,DOPAMINE AGONISTS
N04BC05,PRAMIPEXOLE
R01AC,"ANTIALLERGIC AGENTS, EXCL. CORTICOSTEROIDS"
R01AC08,OLOPATADINE
C09,AGENTS ACTING ON THE RENIN-ANGIOTENSIN SYSTEM
C09D,"ANGIOTENSIN II ANTAGONISTS, COMBINATIONS"
C09DB,ANGIOTENSIN II ANTAGONISTS AND CALCIUM CHANNEL BLOCKERS
C09DB01,VALSARTAN AND AMLODIPINE
v04cx,OTHER DIAGNOSTIC AGENTS
L01D,CYTOTOXIC ANTIBIOTICS AND RELATED SUBSTANCES
L01DB,ANTHRACYCLINES AND RELATED SUBSTANCES
L01DB01,DOXORUBICIN
L01BA,FOLIC ACID ANALOGUES
L01BA04,PEMETREXED
B01AC,PLATELET AGGREGATION INHIBITORS EXCL. HEPARIN
B01AC22,PRASUGREL
L02AE04,TRIPTORELIN
V03AB,ANTIDOTES
V03AB21,POTASSIUM IODIDE
J01XA,GLYCOPEPTIDE ANTIBACTERIALS
J01XA01,VANCOMYCIN
M01AE,PROPIONIC ACID DERIVATIVES
M01AE01,IBUPROFEN
B01AD07,RETEPLASE
L01XC03,TRASTUZUMAB
J01MA15,GEMIFLOXACIN
C09DA,ANGIOTENSIN II ANTAGONISTS AND DIURETICS
C09DA03,VALSARTAN AND DIURETICS
L01XC07,BEVACIZUMAB
N03AG,FATTY ACID DERIVATIVES
N03AG01,VALPROIC ACID
V03AB09,DIMERCAPROL
n,NERVOUS SYSTEM
n06,PSYCHOANALEPTICS
n06a,ANTIDEPRESSANTS
n06af,"MONOAMINE OXIDASE INHIBITORS, NON-SELECTIVE"
n06af01,ISOCARBOXAZID
L01X,OTHER ANTINEOPLASTIC AGENTS
L01XE,PROTEIN KINASE INHIBITORS
L01XE10,EVEROLIMUS
S01C,ANTIINFLAMMATORY AGENTS AND ANTIINFECTIVES IN COMBINATION
S01CA,CORTICOSTEROIDS AND ANTIINFECTIVES IN COMBINATION
S01CA01,DEXAMETHASONE AND ANTIINFECTIVES
N02BE71,"PARACETAMOL, COMBINATIONS WITH PSYCHOLEPTICS"
H01C,HYPOTHALAMIC HORMONES
H01CB,SOMATOSTATIN AND ANALOGUES
H01CB02,OCTREOTIDE
R06,ANTIHISTAMINES FOR SYSTEMIC USE
R06A,ANTIHISTAMINES FOR SYSTEMIC USE
R06AX,OTHER ANTIHISTAMINES FOR SYSTEMIC USE
R06AX02,CYPROHEPTADINE
d05,ANTIPSORIATICS
d05b,ANTIPSORIATICS FOR SYSTEMIC USE
d05bb,RETINOIDS FOR TREATMENT OF PSORIASIS
d05bb02,ACITRETIN
N05AH,"DIAZEPINES, OXAZEPINES, THIAZEPINES AND OXEPINES"
N05AH04,QUETIAPINE
A04,ANTIEMETICS AND ANTINAUSEANTS
A04A,ANTIEMETICS AND ANTINAUSEANTS
A04AA,SEROTONIN (5HT3) ANTAGONISTS
A04AA02,GRANISETRON
A06AG,ENEMAS
A06AG01,SODIUM PHOSPHATE
G03D,PROGESTOGENS
G03DA,PREGNEN (4) DERIVATIVES
G03DA04,PROGESTERONE
J07,VACCINES
J07C,"BACTERIAL AND VIRAL VACCINES, COMBINED"
G03F,PROGESTOGENS AND ESTROGENS IN COMBINATION
G03FA,"PROGESTOGENS AND ESTROGENS, FIXED COMBINATIONS"
G03FA17,DROSPIRENONE AND ESTROGEN
D02,EMOLLIENTS AND PROTECTIVES
D02A,EMOLLIENTS AND PROTECTIVES
D02AB,ZINC PRODUCTS
N06BA09,ATOMOXETINE
J05AD,PHOSPHONIC ACID DERIVATIVES
J05AD01,FOSCARNET
M05BX,OTHER DRUGS AFFECTING BONE STRUCTURE AND MINERALIZATION
M05BX04,DENOSUMAB
H05,CALCIUM HOMEOSTASIS
H05B,ANTI-PARATHYROID AGENTS
H05BX,OTHER ANTI-PARATHYROID AGENTS
H05BX01,CINACALCET
N07,OTHER NERVOUS SYSTEM DRUGS
N07X,OTHER NERVOUS SYSTEM DRUGS
N07XX,OTHER NERVOUS SYSTEM DRUGS
N07XX07,FAMPRIDINE
M03AX,"OTHER MUSCLE RELAXANTS, PERIPHERALLY ACTING AGENTS"
M03AX01,BOTULINUM TOXIN
G03G,GONADOTROPINS AND OTHER OVULATION STIMULANTS
G03GA,GONADOTROPINS
G03GA07,LUTROPIN ALFA
B01AC04,CLOPIDOGREL
N05B,ANXIOLYTICS
N05BE,AZASPIRODECANEDIONE DERIVATIVES
N05BE01,BUSPIRONE
N03AE,BENZODIAZEPINE DERIVATIVES
N03AE01,CLONAZEPAM
L03AB,INTERFERONS
L03AB08,INTERFERON BETA-1B
M03AC,OTHER QUATERNARY AMMONIUM COMPOUNDS
M03AC04,ATRACURIUM
S01LA05,AFLIBERCEPT
A16AA,AMINO ACIDS AND DERIVATIVES
A16AA04,MERCAPTAMINE
R06AX17,KETOTIFEN
B02,ANTIHEMORRHAGICS
B02B,VITAMIN K AND OTHER HEMOSTATICS
B02BD,BLOOD COAGULATION FACTORS
B02BD03,FACTOR VIII INHIBITOR BYPASSING ACTIVITY
V08A,"X-RAY CONTRAST MEDIA, IODINATED"
V08AB,"WATERSOLUBLE, NEPHROTROPIC, LOW OSMOLAR X-RAY CONTRAST MEDIA"
V08AB09,IODIXANOL
N02AX,OTHER OPIOIDS
N02AX02,TRAMADOL
A10BA,BIGUANIDES
A10BA02,METFORMIN
R03BA06,TRIAMCINOLONE
L01XC08,PANITUMUMAB
H05BA,CALCITONIN PREPARATIONS
H05BA03,CALCITONIN (HUMAN SYNTHETIC)
H05BA01,CALCITONIN (SALMON SYNTHETIC)
V08AB02,IOHEXOL
J06BB,SPECIFIC IMMUNOGLOBULINS
J06BB02,TETANUS IMMUNOGLOBULIN
D10,ANTI-ACNE PREPARATIONS
D10A,ANTI-ACNE PREPARATIONS FOR TOPICAL USE
D10AE,PEROXIDES
D10AE01,BENZOYL PEROXIDE
A07EC02,MESALAZINE
B05AA01,ALBUMIN
N06BA04,METHYLPHENIDATE
L04AA29,TOFACITINIB
N01AH01,FENTANYL
N01AX,OTHER GENERAL ANESTHETICS
N01AX10,PROPOFOL
G03GA04,UROFOLLITROPIN
L01CD01,PACLITAXEL
V04CJ,TESTS FOR THYREOIDEA FUNCTION
V04CJ01,THYROTROPIN
V08AB05,IOPROMIDE
L01XX24,PEGASPARGASE
G03GA02,HUMAN MENOPAUSAL GONADOTROPHIN
V08AA,"WATERSOLUBLE, NEPHROTROPIC, HIGH OSMOLAR X-RAY CONTRAST MEDIA"
V08AA01,DIATRIZOIC ACID
V08CA03,GADODIAMIDE
J07B,VIRAL VACCINES
J07BC,HEPATITIS VACCINES
J07BC01,"HEPATITIS B, PURIFIED ANTIGEN"
S01XA20,ARTIFICIAL TEARS AND OTHER INDIFFERENT PREPARATIONS
V03AB03,EDETATES
S01EA03,APRACLONIDINE
J07BD,MEASLES VACCINES
J07BD53,"MEASLES, COMBINATIONS WITH RUBELLA, LIVE ATTENUATED"
L02BG,AROMATASE INHIBITORS
L02BG04,LETROZOLE
C01E,OTHER CARDIAC PREPARATIONS
C01EA,PROSTAGLANDINS
C01EA01,ALPROSTADIL
L01DB06,IDARUBICIN
G02,OTHER GYNECOLOGICALS
G02A,UTEROTONICS
G02AB,ERGOT ALKALOIDS
G02AB02,ERGOT ALKALOIDS
S01E,ANTIGLAUCOMA PREPARATIONS AND MIOTICS
S01EE,PROSTAGLANDIN ANALOGUES
S01EE01,LATANOPROST
L01XX,OTHER ANTINEOPLASTIC AGENTS
L01XX19,IRINOTECAN
C04AX,OTHER PERIPHERAL VASODILATORS
C04AX02,PHENOXYBENZAMINE
J06BB01,ANTI-D (RH) IMMUNOGLOBULIN
C08,CALCIUM CHANNEL BLOCKERS
C08C,SELECTIVE CALCIUM CHANNEL BLOCKERS WITH MAINLY VASCULAR EFFECTS
C08CA,DIHYDROPYRIDINE DERIVATIVES
C08CA01,AMLODIPINE
H02AB09,HYDROCORTISONE
B01AC07,DIPYRIDAMOLE
L01XA,PLATINUM COMPOUNDS
L01XA01,CISPLATIN
L04AC,INTERLEUKIN INHIBITORS
L04AC07,TOCILIZUMAB
B01AB,HEPARIN GROUP
B01AB04,DALTEPARIN
R06a,ANTIHISTAMINES FOR SYSTEMIC USE
R06ab,SUBSTITUTED ALKYLAMINES
R06ab54,"CHLORPHENAMINE, COMBINATIONS"
L02BG06,EXEMESTANE
R03BB,ANTICHOLINERGICS
R03BB01,IPRATROPIUM BROMIDE
N05AH02,CLOZAPINE
N06DA,ANTICHOLINESTERASES
N06DA03,RIVASTIGMINE
J02AC04,POSACONAZOLE
L01AA09,BENDAMUSTINE
D05AX02,CALCIPOTRIOL
B01AB05,ENOXAPARIN
N01AB,HALOGENATED HYDROCARBONS
N01AB01,HALOTHANE
N05AF,THIOXANTHENE DERIVATIVES
N05AF01,FLUPENTIXOL
L04AD,CALCINEURIN INHIBITORS
L04AD01,CICLOSPORIN
H01AA,ACTH
H01AA02,TETRACOSACTIDE
C10AC,BILE ACID SEQUESTRANTS
C10AC01,COLESTYRAMINE
B03A,IRON PREPARATIONS
B03AA,"IRON BIVALENT, ORAL PREPARATIONS"
B03AA07,FERROUS SULFATE
D01AC01,CLOTRIMAZOLE
G01AF02,CLOTRIMAZOLE
H01B,POSTERIOR PITUITARY LOBE HORMONES
H01BA,VASOPRESSIN AND ANALOGUES
H01BA02,DESMOPRESSIN
B01AC06,ACETYLSALICYLIC ACID
A02A,ANTACIDS
A02AF,ANTACIDS WITH ANTIFLATULENTS
A02AF02,ORDINARY SALT COMBINATIONS AND ANTIFLATULENTS
R05CB02,BROMHEXINE
L01XC06,CETUXIMAB
C10AA,HMG COA REDUCTASE INHIBITORS
C10AA01,SIMVASTATIN
R06AA,AMINOALKYL ETHERS
R06AA52,"DIPHENHYDRAMINE, COMBINATIONS"
J07BB,INFLUENZA VACCINES
V03AC01,DEFEROXAMINE
D01B,ANTIFUNGALS FOR SYSTEMIC USE
D01BA,ANTIFUNGALS FOR SYSTEMIC USE
D01BA02,TERBINAFINE
N03AF,CARBOXAMIDE DERIVATIVES
N03AF01,CARBAMAZEPINE
R06AX13,LORATADINE
L01BC07,AZACITIDINE
L02BX,OTHER HORMONE ANTAGONISTS AND RELATED AGENTS
A02AA,MAGNESIUM COMPOUNDS
A02AA04,MAGNESIUM HYDROXIDE
L02BX03,ABIRATERONE
N03AA,BARBITURATES AND DERIVATIVES
N03AA03,PRIMIDONE
L01XE01,IMATINIB
N06AF,"MONOAMINE OXIDASE INHIBITORS, NON-SELECTIVE"
N06AF04,TRANYLCYPROMINE
J01C,"BETA-LACTAM ANTIBACTERIALS, PENICILLINS"
J01CA,PENICILLINS WITH EXTENDED SPECTRUM
J01CA04,AMOXICILLIN
J01F,"MACROLIDES, LINCOSAMIDES AND STREPTOGRAMINS"
J01FF,LINCOSAMIDES
J01FF01,CLINDAMYCIN
N05BA,BENZODIAZEPINE DERIVATIVES
N05BA01,DIAZEPAM
L02AE01,BUSERELIN
C01B,"ANTIARRHYTHMICS, CLASS I AND III"
C01BB,"ANTIARRHYTHMICS, CLASS IB"
C01BB01,LIDOCAINE
B02BD04,COAGULATION FACTOR IX
L01XE45,NERATINIB
N05BB,DIPHENYLMETHANE DERIVATIVES
N05BB01,HYDROXYZINE
A09,"DIGESTIVES, INCL. ENZYMES"
A09A,"DIGESTIVES, INCL. ENZYMES"
A09AA,ENZYME PREPARATIONS
S01EC,CARBONIC ANHYDRASE INHIBITORS
S01EC04,BRINZOLAMIDE
N03AD,SUCCINIMIDE DERIVATIVES
N03AD01,ETHOSUXIMIDE
N07B,DRUGS USED IN ADDICTIVE DISORDERS
N07BC,DRUGS USED IN OPIOID DEPENDENCE
N07BC01,BUPRENORPHINE
L01XA02,CARBOPLATIN
A11D,"VITAMIN B1, PLAIN AND IN COMBINATION WITH VITAMIN B6 AND B12"
A11DA,"VITAMIN B1, PLAIN"
A11DA01,THIAMINE (VIT B1)
N06AA,NON-SELECTIVE MONOAMINE REUPTAKE INHIBITORS
N06AA04,CLOMIPRAMINE
D07AC04,FLUOCINOLONE ACETONIDE
V03AE02,SEVELAMER
C01BD,"ANTIARRHYTHMICS, CLASS III"
C01BD01,AMIODARONE
L01AD04,STREPTOZOCIN
A02BA03,FAMOTIDINE
G02C,OTHER GYNECOLOGICALS
G02CB,PROLACTINE INHIBITORS
G02CB03,CABERGOLINE
C10AA05,ATORVASTATIN
N06AB04,CITALOPRAM
M05BA03,PAMIDRONIC ACID
J01D,OTHER BETA-LACTAM ANTIBACTERIALS
J01DH,CARBAPENEMS
J01DH51,IMIPENEM AND ENZYME INHIBITOR
A10BF,ALPHA GLUCOSIDASE INHIBITORS
A10BF01,ACARBOSE
L01XX17,TOPOTECAN
L01XE07,LAPATINIB
S01EC03,DORZOLAMIDE
D10AF,ANTIINFECTIVES FOR TREATMENT OF ACNE
D10AF02,ERYTHROMYCIN
L01CD04,CABAZITAXEL
L01XX11,ESTRAMUSTINE
B01AC23,CILOSTAZOL
C08CA06,NIMODIPINE
C03E,DIURETICS AND POTASSIUM-SPARING AGENTS IN COMBINATION
C03EA,LOW-CEILING DIURETICS AND POTASSIUM-SPARING AGENTS
C03EA01,HYDROCHLOROTHIAZIDE AND POTASSIUM-SPARING AGENTS
L04AA13,LEFLUNOMIDE
B01AD,ENZYMES
B01AD01,STREPTOKINASE
J01AA08,MINOCYCLINE
N05AH03,OLANZAPINE
J01XE,NITROFURAN DERIVATIVES
J01XE01,NITROFURANTOIN
G04BD07,TOLTERODINE
J01DD,THIRD-GENERATION CEPHALOSPORINS
J01DD08,CEFIXIME
A02BC01,OMEPRAZOLE
G03C,ESTROGENS
G03CA,"NATURAL AND SEMISYNTHETIC ESTROGENS, PLAIN"
G03CA57,CONJUGATED ESTROGENS
H02AB01,BETAMETHASONE
J01DB,FIRST-GENERATION CEPHALOSPORINS
J01DB01,CEFALEXIN
A07C,ELECTROLYTES WITH CARBOHYDRATES
A07CA,ORAL REHYDRATION SALT FORMULATIONS
N06DA02,DONEPEZIL
N06AB10,ESCITALOPRAM
J04,ANTIMYCOBACTERIALS
J04A,DRUGS FOR TREATMENT OF TUBERCULOSIS
J04AB,ANTIBIOTICS
J04AB02,RIFAMPICIN
R05CB01,ACETYLCYSTEINE
C09C,"ANGIOTENSIN II ANTAGONISTS, PLAIN"
C09CA,"ANGIOTENSIN II ANTAGONISTS, PLAIN"
C09CA01,LOSARTAN
M03C,"MUSCLE RELAXANTS, DIRECTLY ACTING AGENTS"
M03CA,DANTROLENE AND DERIVATIVES
M03CA01,DANTROLENE
A03B,"BELLADONNA AND DERIVATIVES, PLAIN"
A03BB,"BELLADONNA ALKALOIDS, SEMISYNTHETIC, QUATERNARY AMMONIUM COMPOUNDS"
N02AB,PHENYLPIPERIDINE DERIVATIVES
N02AB02,PETHIDINE
J01FA,MACROLIDES
J01FA10,AZITHROMYCIN
S01EB,PARASYMPATHOMIMETICS
S01EB03,ECOTHIOPATE
L01CA,VINCA ALKALOIDS AND ANALOGUES
L01CA04,VINORELBINE
N01B,"ANESTHETICS, LOCAL"
N01BB,AMIDES
N01BB01,BUPIVACAINE
R05D,"COUGH SUPPRESSANTS, EXCL. COMBINATIONS WITH EXPECTORANTS"
R05DA,OPIUM ALKALOIDS AND DERIVATIVES
R05DA09,DEXTROMETHORPHAN
N06AA12,DOXEPIN
N06AA02,IMIPRAMINE
D10B,ANTI-ACNE PREPARATIONS FOR SYSTEMIC USE
D10BA,RETINOIDS FOR TREATMENT OF ACNE
D10BA01,ISOTRETINOIN
C03BA08,METOLAZONE
D06AA,TETRACYCLINE AND DERIVATIVES
D06AA04,TETRACYCLINE
L01XE21,REGORAFENIB
C07AG,ALPHA AND BETA BLOCKING AGENTS
C07AG02,CARVEDILOL
N05AD,BUTYROPHENONE DERIVATIVES
N05AD01,HALOPERIDOL
A11C,"VITAMIN A AND D, INCL. COMBINATIONS OF THE TWO"
A11CC,VITAMIN D AND ANALOGUES
A11CC05,COLECALCIFEROL
N07BC03,LEVACETYLMETHADOL
N04A,ANTICHOLINERGIC AGENTS
N04AA,TERTIARY AMINES
N04AA01,TRIHEXYPHENIDYL
L01XE27,IBRUTINIB
R06AB,SUBSTITUTED ALKYLAMINES
R06AB04,CHLORPHENAMINE
B01AC11,ILOPROST
L01XX41,ERIBULIN
A02BA01,CIMETIDINE
L02BA03,FULVESTRANT
R05CB13,DORNASE ALFA (DESOXYRIBONUCLEASE)
N05BA04,OXAZEPAM
G03X,OTHER SEX HORMONES AND MODULATORS OF THE GENITAL SYSTEM
G03XC,SELECTIVE ESTROGEN RECEPTOR MODULATORS
G03XC01,RALOXIFENE
B02BX,OTHER SYSTEMIC HEMOSTATICS
L01BA01,METHOTREXATE
B02BX05,ELTROMBOPAG
L01DB07,MITOXANTRONE
L01CX,OTHER PLANT ALKALOIDS AND NATURAL PRODUCTS
L01CX01,TRABECTEDIN
L01CB,PODOPHYLLOTOXIN DERIVATIVES
L01CB01,ETOPOSIDE
A16AB07,ALGLUCOSIDASE ALFA
C09CA03,VALSARTAN
M01AB01,INDOMETACIN
C02DB,HYDRAZINOPHTHALAZINE DERIVATIVES
C02DB02,HYDRALAZINE
L01BB04,CLADRIBINE
B01AA,VITAMIN K ANTAGONISTS
B01AA03,WARFARIN
J05,ANTIVIRALS FOR SYSTEMIC USE
J05A,DIRECT ACTING ANTIVIRALS
J05AB,NUCLEOSIDES AND NUCLEOTIDES EXCL. REVERSE TRANSCRIPTASE INHIBITORS
J05AB01,ACICLOVIR
A06AX,OTHER DRUGS FOR CONSTIPATION
A06AX04,LINACLOTIDE
M03B,"MUSCLE RELAXANTS, CENTRALLY ACTING AGENTS"
M03BX,OTHER CENTRALLY ACTING AGENTS
M03BX02,TIZANIDINE
J04AB01,CYCLOSERINE
C03B,"LOW-CEILING DIURETICS, EXCL. THIAZIDES"
C03BA,"SULFONAMIDES, PLAIN"
C03BA11,INDAPAMIDE
B05BB02,ELECTROLYTES WITH CARBOHYDRATES
R03AC,SELECTIVE BETA-2-ADRENORECEPTOR AGONISTS
R03AC13,FORMOTEROL
N05CM,OTHER HYPNOTICS AND SEDATIVES
R03BB04,TIOTROPIUM BROMIDE
N05CM18,DEXMEDETOMIDINE
G02AD04,CARBOPROST
L04AB,TUMOR NECROSIS FACTOR ALPHA (TNF-&ALPHA) INHIBITORS
L04AB02,INFLIXIMAB
P02,ANTHELMINTICS
P02C,ANTINEMATODAL AGENTS
P02CE,IMIDAZOTHIAZOLE DERIVATIVES
P02CE01,LEVAMISOLE
L04AD02,TACROLIMUS
M05BA08,ZOLEDRONIC ACID
G03DA03,HYDROXYPROGESTERONE
A16AB05,LARONIDASE
N06AB06,SERTRALINE
R03CA,ALPHA- AND BETA-ADRENORECEPTOR AGONISTS
R03CA02,EPHEDRINE
N03AX11,TOPIRAMATE
A03A,DRUGS FOR FUNCTIONAL GASTROINTESTINAL DISORDERS
A03AA,"SYNTHETIC ANTICHOLINERGICS, ESTERS WITH TERTIARY AMINO GROUP"
A03AA04,MEBEVERINE
L03AB10,PEGINTERFERON ALFA-2B
N07BA03,VARENICLINE
R03BA07,MOMETASONE
J02AX,OTHER ANTIMYCOTICS FOR SYSTEMIC USE
J02AX04,CASPOFUNGIN
C02DD,NITROFERRICYANIDE DERIVATIVES
C02DD01,NITROPRUSSIDE
C01C,CARDIAC STIMULANTS EXCL. CARDIAC GLYCOSIDES
C01CA,ADRENERGIC AND DOPAMINERGIC AGENTS
C01CA24,EPINEPHRINE
N03AB,HYDANTOIN DERIVATIVES
N03AB02,PHENYTOIN
B05BA02,FAT EMULSIONS
L01CA01,VINBLASTINE
C10AX,OTHER LIPID MODIFYING AGENTS
J05AB04,RIBAVIRIN
A04AA03,TROPISETRON
C09A,"ACE INHIBITORS, PLAIN"
C09AA,"ACE INHIBITORS, PLAIN"
C09AA03,LISINOPRIL
H01CC,ANTI-GONADOTROPIN-RELEASING HORMONES
H01CC01,GANIRELIX
L04AA04,ANTITHYMOCYTE IMMUNOGLOBULIN (RABBIT)
S01BA14,LOTEPREDNOL
J06BB04,HEPATITIS B IMMUNOGLOBULIN
D07AA,"CORTICOSTEROIDS, WEAK (GROUP I)"
D07AA02,HYDROCORTISONE
J01FA09,CLARITHROMYCIN
C01BC,"ANTIARRHYTHMICS, CLASS IC"
C01BC03,PROPAFENONE
G01AF19,SERTACONAZOLE
C01DA,ORGANIC NITRATES
C01DA02,GLYCERYL TRINITRATE
C10AA02,LOVASTATIN
L01XC19,BLINATUMOMAB
N07C,ANTIVERTIGO PREPARATIONS
N07CA,ANTIVERTIGO PREPARATIONS
N07CA01,BETAHISTINE
G04BE08,TADALAFIL
S01EA,SYMPATHOMIMETICS IN GLAUCOMA THERAPY
S01EA05,BRIMONIDINE
R06AX26,FEXOFENADINE
J05AR03,TENOFOVIR DISOPROXIL AND EMTRICITABINE
V03AB14,PROTAMINE
A02BC02,PANTOPRAZOLE
D06BA,SULFONAMIDES
D06BA01,SILVER SULFADIAZINE
L01AC,ETHYLENE IMINES
L01AC01,THIOTEPA
B05Z,HEMODIALYTICS AND HEMOFILTRATES
B05ZA,"HEMODIALYTICS, CONCENTRATES"
L01DB03,EPIRUBICIN
G03GA01,CHORIONIC GONADOTROPHIN
R07,OTHER RESPIRATORY SYSTEM PRODUCTS
R07A,OTHER RESPIRATORY SYSTEM PRODUCTS
R07AA,LUNG SURFACTANTS
L01BC01,CYTARABINE
J01XX01,FOSFOMYCIN
A04AA01,ONDANSETRON
N05CF,BENZODIAZEPINE RELATED DRUGS
N05CF02,ZOLPIDEM
G03FA13,NORGESTIMATE AND ESTROGEN
C08CA05,NIFEDIPINE
L01XA03,OXALIPLATIN
D10AX,OTHER ANTI-ACNE PREPARATIONS FOR TOPICAL USE
D10AX03,AZELAIC ACID
R01AD,CORTICOSTEROIDS
R01AD08,FLUTICASONE
H03,THYROID THERAPY
H03A,THYROID PREPARATIONS
H03AA,THYROID HORMONES
H03AA01,LEVOTHYROXINE SODIUM
N02AB03,FENTANYL
G03GA08,CHORIOGONADOTROPIN ALFA
J01CR,"COMBINATIONS OF PENICILLINS, INCL. BETA-LACTAMASE INHIBITORS"
J01CR05,PIPERACILLIN AND ENZYME INHIBITOR
A10BG,THIAZOLIDINEDIONES
A10BG03,PIOGLITAZONE
J01XA02,TEICOPLANIN
A16AA01,LEVOCARNITINE
A08,"ANTIOBESITY PREPARATIONS, EXCL. DIET PRODUCTS"
A08A,"ANTIOBESITY PREPARATIONS, EXCL. DIET PRODUCTS"
A08AB,PERIPHERALLY ACTING ANTIOBESITY PRODUCTS
A08AB01,ORLISTAT
V03AB24,DIGITALIS ANTITOXIN
G03CA03,ESTRADIOL
C04,PERIPHERAL VASODILATORS
C04A,PERIPHERAL VASODILATORS
N07XX06,TETRABENAZINE
V03AB17,METHYLTHIONINIUM CHLORIDE
S01EB09,ACETYLCHOLINE
B03X,OTHER ANTIANEMIC PREPARATIONS
B03XA,OTHER ANTIANEMIC PREPARATIONS
B03XA01,ERYTHROPOIETIN
C01CA17,MIDODRINE
B05BA03,CARBOHYDRATES
C01CE,PHOSPHODIESTERASE INHIBITORS
C01CE02,MILRINONE
G03BA03,TESTOSTERONE
D10AD,RETINOIDS FOR TOPICAL USE IN ACNE
D10AD04,ISOTRETINOIN
A07EA,CORTICOSTEROIDS ACTING LOCALLY
A07EA02,HYDROCORTISONE
A03BA,"BELLADONNA ALKALOIDS, TERTIARY AMINES"
A03BA01,ATROPINE
B01AD02,ALTEPLASE
A10BX,"OTHER BLOOD GLUCOSE LOWERING DRUGS, EXCL. INSULINS"
A10BX02,REPAGLINIDE
S01AX,OTHER ANTIINFECTIVES
S01AX07,SODIUM BORATE
J05AG,NON-NUCLEOSIDE REVERSE TRANSCRIPTASE INHIBITORS
J05AG03,EFAVIRENZ
L03AB07,INTERFERON BETA-1A
J01CR02,AMOXICILLIN AND ENZYME INHIBITOR
A10A,INSULINS AND ANALOGUES
A10AB,"INSULINS AND ANALOGUES FOR INJECTION, FAST-ACTING"
A10AB01,INSULIN (HUMAN)
H04,PANCREATIC HORMONES
H04A,GLYCOGENOLYTIC HORMONES
H04AA,GLYCOGENOLYTIC HORMONES
H04AA01,GLUCAGON
D01AC14,SERTACONAZOLE
S01J,DIAGNOSTIC AGENTS
S01JA,COLOURING AGENTS
S01JA01,FLUORESCEIN
B02AB,PROTEINASE INHIBITORS
B02AB01,APROTININ
J01MA01,OFLOXACIN
D01AE,OTHER ANTIFUNGALS FOR TOPICAL USE
D01AE15,TERBINAFINE
J04AC,HYDRAZIDES
L01XE06,DASATINIB
J04AM,COMBINATIONS OF DRUGS FOR TREATMENT OF TUBERCULOSIS
J04AM06,"RIFAMPICIN, PYRAZINAMIDE, ETHAMBUTOL AND ISONIAZID"
C10AB05,FENOFIBRATE
M01AC,OXICAMS
M01AC06,MELOXICAM
D07AD,"CORTICOSTEROIDS, VERY POTENT (GROUP IV)"
D07AD01,CLOBETASOL
N01BB58,"ARTICAINE, COMBINATIONS"
J01DB04,CEFAZOLIN
C09X,OTHER AGENTS ACTING ON THE RENIN-ANGIOTENSIN SYSTEM
C09XA,RENIN-INHIBITORS
C09XA02,ALISKIREN
S01AE07,MOXIFLOXACIN
M01AB02,SULINDAC
G03A,HORMONAL CONTRACEPTIVES FOR SYSTEMIC USE
G03AC,PROGESTOGENS
G03AC06,MEDROXYPROGESTERONE
N06BX13,IDEBENONE
D01AE13,SELENIUM SULFIDE
R03AC02,SALBUTAMOL
A02BC03,LANSOPRAZOLE
R03C,ADRENERGICS FOR SYSTEMIC USE
R03CC,SELECTIVE BETA-2-ADRENORECEPTOR AGONISTS
R03CC02,SALBUTAMOL
D07B,"CORTICOSTEROIDS, COMBINATIONS WITH ANTISEPTICS"
D07BB,"CORTICOSTEROIDS, MODERATELY POTENT, COMBINATIONS WITH ANTISEPTICS"
D07BB03,TRIAMCINOLONE AND ANTISEPTICS
N01BB52,"LIDOCAINE, COMBINATIONS"
P01AB02,TINIDAZOLE
R03AK06,SALMETEROL AND FLUTICASONE
A03BB01,BUTYLSCOPOLAMINE
J01DH02,MEROPENEM
L01DC,OTHER CYTOTOXIC ANTIBIOTICS
L01DC01,BLEOMYCIN
A06AA,"SOFTENERS, EMOLLIENTS"
A06AA01,LIQUID PARAFFIN
V03AB23,ACETYLCYSTEINE
A12CE,SELENIUM
A12CE02,SODIUM SELENITE
L03AX16,PLERIXAFOR
N07XX05,AMIFAMPRIDINE
C01EB17,IVABRADINE
C07AG01,LABETALOL
A16AA06,BETAINE
R01AD05,BUDESONIDE
R03BA02,BUDESONIDE
B01AB01,HEPARIN
N07XX02,RILUZOLE
B05CX,OTHER IRRIGATING SOLUTIONS
B05CX01,GLUCOSE
A06AD11,LACTULOSE
D04,"ANTIPRURITICS, INCL. ANTIHISTAMINES, ANESTHETICS, ETC."
D04A,"ANTIPRURITICS, INCL. ANTIHISTAMINES, ANESTHETICS, ETC."
D04AB,ANESTHETICS FOR TOPICAL USE
D04AB04,BENZOCAINE
A07D,ANTIPROPULSIVES
N01AH06,REMIFENTANIL
N05AX08,RISPERIDONE
J01MA12,LEVOFLOXACIN
L04AA18,EVEROLIMUS
J05AB11,VALACICLOVIR
L01XE11,PAZOPANIB
V03AB22,AMYL NITRITE
C01BC04,FLECAINIDE
D07AB,"CORTICOSTEROIDS, MODERATELY POTENT (GROUP II)"
D07AB09,TRIAMCINOLONE
D11AX11,HYDROQUINONE
P03,"ECTOPARASITICIDES, INCL. SCABICIDES, INSECTICIDES AND REPELLENTS"
P03A,"ECTOPARASITICIDES, INCL. SCABICIDES"
P03AC,"PYRETHRINES, INCL. SYNTHETIC COMPOUNDS"
P03AC04,PERMETHRIN
N03AX16,PREGABALIN
A10AB06,INSULIN GLULISINE
V03AB34,FOMEPIZOLE
L01BA05,PRALATREXATE
L01BB02,MERCAPTOPURINE
S01XA18,CICLOSPORIN
B05AA07,HYDROXYETHYLSTARCH
J05AE10,DARUNAVIR
G03H,ANTIANDROGENS
G03HB,ANTIANDROGENS AND ESTROGENS
G03HB01,CYPROTERONE AND ESTROGEN
J05AF,NUCLEOSIDE AND NUCLEOTIDE REVERSE TRANSCRIPTASE INHIBITORS
J05AF07,TENOFOVIR DISOPROXIL
N05CF03,ZALEPLON
N05BA12,ALPRAZOLAM
N04BB,ADAMANTANE DERIVATIVES
N04BB01,AMANTADINE
A07BA01,MEDICINAL CHARCOAL
B02BD05,COAGULATION FACTOR VII
N02CC03,ZOLMITRIPTAN
B05XB,AMINO ACIDS
A11HA04,RIBOFLAVIN (VIT B2)
A10AE05,INSULIN DETEMIR
L04AB04,ADALIMUMAB
r03cb01,ISOPRENALINE
V03AC03,DEFERASIROX
N06BA12,LISDEXAMFETAMINE
B02BX04,ROMIPLOSTIM
C07AB03,ATENOLOL
L02BB03,BICALUTAMIDE
N07BC02,METHADONE
V08AB04,IOPAMIDOL
J05AX14,DACLATASVIR
R07AA02,NATURAL PHOSPHOLIPIDS
C07AA05,PROPRANOLOL
C01CA07,DOBUTAMINE
A02BA53,"FAMOTIDINE, COMBINATIONS"
C03A,"LOW-CEILING DIURETICS, THIAZIDES"
C03AX,"THIAZIDES, COMBINATIONS WITH OTHER DRUGS"
C03AX01,"HYDROCHLOROTHIAZIDE, COMBINATIONS"
P02CF,AVERMECTINES
P02CF01,IVERMECTIN
L01XX44,AFLIBERCEPT
N07BC51,"BUPRENORPHINE, COMBINATIONS"
G03GB,"OVULATION STIMULANTS, SYNTHETIC"
G03GB02,CLOMIFENE
A05,BILE AND LIVER THERAPY
A05A,BILE THERAPY
A05AA,BILE ACID PREPARATIONS
A05AA02,URSODEOXYCHOLIC ACID
A07A,INTESTINAL ANTIINFECTIVES
A07AA,ANTIBIOTICS
A07AA03,NATAMYCIN
N02BE51,"PARACETAMOL, COMBINATIONS EXCL. PSYCHOLEPTICS"
C03DB,OTHER POTASSIUM-SPARING AGENTS
C03DB01,AMILORIDE
N07AX,OTHER PARASYMPATHOMIMETICS
N07AX01,PILOCARPINE
D07AC01,BETAMETHASONE
M01AE02,NAPROXEN
C05,VASOPROTECTIVES
C05A,AGENTS FOR TREATMENT OF HEMORRHOIDS AND ANAL FISSURES FOR TOPICAL USE
C05AD,LOCAL ANESTHETICS
C05AD01,LIDOCAINE
D10AF01,CLINDAMYCIN
D10AF51,"CLINDAMYCIN, COMBINATIONS"
N01BB03,MEPIVACAINE
A11CC02,DIHYDROTACHYSTEROL
B03AC,"IRON, PARENTERAL PREPARATIONS"
N03AX10,FELBAMATE
L01DB02,DAUNORUBICIN
l04,IMMUNOSUPPRESSANTS
l04a,IMMUNOSUPPRESSANTS
l04aa,SELECTIVE IMMUNOSUPPRESSANTS
l04aa23,NATALIZUMAB
C05BB,SCLEROSING AGENTS FOR LOCAL INJECTION
C05BB02,POLIDOCANOL
C01EB18,RANOLAZINE
N02BA11,DIFLUNISAL
L01XC12,BRENTUXIMAB VEDOTIN
R03AL,ADRENERGICS IN COMBINATION WITH ANTICHOLINERGICS
R03AL02,SALBUTAMOL AND IPRATROPIUM BROMIDE
C07AB09,ESMOLOL
L01XX45,CARFILZOMIB
M05BA06,IBANDRONIC ACID
B01AE06,BIVALIRUDIN
S01EC01,ACETAZOLAMIDE
C08CA04,NICARDIPINE
L01BB03,TIOGUANINE
L02AE03,GOSERELIN
D06BB,ANTIVIRALS
D06BB03,ACICLOVIR
C01EB,OTHER CARDIAC PREPARATIONS
C01EB10,ADENOSINE
P02CA,BENZIMIDAZOLE DERIVATIVES
P02CA03,ALBENDAZOLE
P02BA,QUINOLINE DERIVATIVES AND RELATED SUBSTANCES
P02BA01,PRAZIQUANTEL
N01AH02,ALFENTANIL
M04,ANTIGOUT PREPARATIONS
M04A,ANTIGOUT PREPARATIONS
M04AA,PREPARATIONS INHIBITING URIC ACID PRODUCTION
M04AA01,ALLOPURINOL
N07AX03,CEVIMELINE
L01XX46,OLAPARIB
C01CA06,PHENYLEPHRINE
J05AF10,ENTECAVIR
G03DB08,DIENOGEST
C04AB,IMIDAZOLINE DERIVATIVES
C04AB01,PHENTOLAMINE
J06AA03,SNAKE VENOM ANTISERUM
A02AX,"ANTACIDS, OTHER COMBINATIONS"
A02AB,ALUMINIUM COMPOUNDS
A02AB01,ALUMINIUM HYDROXIDE
N06AA06,TRIMIPRAMINE
G01AF04,MICONAZOLE
D01AA,ANTIBIOTICS
D01AA08,GRISEOFULVIN
R05CA,EXPECTORANTS
R05CA03,GUAIFENESIN
H02AB08,TRIAMCINOLONE
B03AE,IRON IN OTHER COMBINATIONS
B03AE02,"IRON, MULTIVITAMINS AND FOLIC ACID"
A11HA30,DEXPANTHENOL
C07B,BETA BLOCKING AGENTS AND THIAZIDES
V03AB04,PRALIDOXIME
C07BB,"BETA BLOCKING AGENTS, SELECTIVE, AND THIAZIDES"
C07BB07,BISOPROLOL AND THIAZIDES
C03DA04,EPLERENONE
L04AX05,PIRFENIDONE
G02CA,"SYMPATHOMIMETICS, LABOUR REPRESSANTS"
G02CA01,RITODRINE
R07AB,RESPIRATORY STIMULANTS
R07AB01,DOXAPRAM
G04BE01,ALPROSTADIL
C09DX,"ANGIOTENSIN II ANTAGONISTS, OTHER COMBINATIONS"
C09DX04,VALSARTAN AND SACUBITRIL
N05AX13,PALIPERIDONE
C09DA02,EPROSARTAN AND DIURETICS
N04BC04,ROPINIROLE
L01XE15,VEMURAFENIB
M04AA03,FEBUXOSTAT
N01BB09,ROPIVACAINE
R03AC12,SALMETEROL
N04BD,MONOAMINE OXIDASE B INHIBITORS
N04BD01,SELEGILINE
J05AB12,CIDOFOVIR
G03AD,EMERGENCY CONTRACEPTIVES
G03AD02,ULIPRISTAL
V03AB08,SODIUM NITRITE
L01XE18,RUXOLITINIB
M04AB,PREPARATIONS INCREASING URIC ACID EXCRETION
M04AB01,PROBENECID
N05AE,INDOLE DERIVATIVES
N05AE04,ZIPRASIDONE
L01BB06,CLOFARABINE
G03GA30,COMBINATIONS
A07EA06,BUDESONIDE
R03DX,OTHER SYSTEMIC DRUGS FOR OBSTRUCTIVE AIRWAY DISEASES
R03DX05,OMALIZUMAB
V03AB06,THIOSULFATE
L01XE02,GEFITINIB
P03B,INSECTICIDES AND REPELLENTS
P03BX,OTHER INSECTICIDES AND REPELLENTS
P03BX01,DIETHYLTOLUAMIDE
R01B,NASAL DECONGESTANTS FOR SYSTEMIC USE
R01BA,SYMPATHOMIMETICS
R01BA02,PSEUDOEPHEDRINE
J04AK,OTHER DRUGS FOR TREATMENT OF TUBERCULOSIS
J04AK01,PYRAZINAMIDE
N07A,PARASYMPATHOMIMETICS
N07AA,ANTICHOLINESTERASES
N07AA02,PYRIDOSTIGMINE
P01B,ANTIMALARIALS
P01BD,DIAMINOPYRIMIDINES
P01BD01,PYRIMETHAMINE
P02CX,OTHER ANTINEMATODALS
P02CX01,PYRVINIUM
L01BC08,DECITABINE
J07BG,RABIES VACCINES
J06BB05,RABIES IMMUNOGLOBULIN
A16AB08,GALSULFASE
D08,ANTISEPTICS AND DISINFECTANTS
D08A,ANTISEPTICS AND DISINFECTANTS
D08AE,PHENOL AND DERIVATIVES
D08AE03,PHENOL
D09,MEDICATED DRESSINGS
D09A,MEDICATED DRESSINGS
D09AA,MEDICATED DRESSINGS WITH ANTIINFECTIVES
D09AA09,POVIDONE-IODINE
G03GA05,FOLLITROPIN ALFA
C10BA,HMG COA REDUCTASE INHIBITORS IN COMBINATION WITH OTHER LIPID MODIFYING AGENTS
C10BA05,ATORVASTATIN AND EZETIMIBE
L01XC11,IPILIMUMAB
C05BB04,SODIUM TETRADECYL SULFATE
N07BB01,DISULFIRAM
A07AA11,RIFAXIMIN
G04BE04,YOHIMBINE
J05AF01,ZIDOVUDINE
M05BA01,ETIDRONIC ACID
N01AX07,ETOMIDATE
C07AA03,PINDOLOL
S01G,DECONGESTANTS AND ANTIALLERGICS
S01GX,OTHER ANTIALLERGICS
S01GX01,CROMOGLICIC ACID
S01BC,"ANTIINFLAMMATORY AGENTS, NON-STEROIDS"
S01BC03,DICLOFENAC
S01EA01,EPINEPHRINE
B05CX03,GLYCINE
L03AA09,SARGRAMOSTIM
L01DC03,MITOMYCIN
A12B,POTASSIUM
A12BA,POTASSIUM
A12BA02,POTASSIUM CITRATE
L03AA,COLONY STIMULATING FACTORS
L03AA03,MOLGRAMOSTIM
N07BB,DRUGS USED IN ALCOHOL DEPENDENCE
N07BB04,NALTREXONE
N07AA01,NEOSTIGMINE
g,GENITO URINARY SYSTEM AND SEX HORMONES
g04,UROLOGICALS
g04b,UROLOGICALS
g04be,DRUGS USED IN ERECTILE DYSFUNCTION
g04be02,PAPAVERINE
M01AC01,PIROXICAM
A12BA01,POTASSIUM CHLORIDE
J07AJ,PERTUSSIS VACCINES
J07AJ51,"PERTUSSIS, INACTIVATED, WHOLE CELL, COMBINATIONS WITH TOXOIDS"
R01BA53,"PHENYLEPHRINE, COMBINATIONS"
N06AX11,MIRTAZAPINE
G03AC03,LEVONORGESTREL
C05C,CAPILLARY STABILIZING AGENTS
C05CA,BIOFLAVONOIDS
C05CA04,TROXERUTIN
S01AA26,AZITHROMYCIN
L04AC06,MEPOLIZUMAB
R01AC03,AZELASTINE
J07BX,OTHER VIRAL VACCINES
J07BX03,COVID-19 VACCINE
N03AF02,OXCARBAZEPINE
L01DA,ACTINOMYCINES
L01DA01,DACTINOMYCIN
J07BF,POLIOMYELITIS VACCINES
A16AX07,SAPROPTERIN
J01DE,FOURTH-GENERATION CEPHALOSPORINS
J01DE01,CEFEPIME
L01XC13,PERTUZUMAB
J01DC,SECOND-GENERATION CEPHALOSPORINS
J01DC02,CEFUROXIME
M01AH,COXIBS
M01AH01,CELECOXIB
a,ALIMENTARY TRACT AND METABOLISM
a10,DRUGS USED IN DIABETES
a10b,"BLOOD GLUCOSE LOWERING DRUGS, EXCL. INSULINS"
a10bx,"OTHER BLOOD GLUCOSE LOWERING DRUGS, EXCL. INSULINS"
a10bx07,LIRAGLUTIDE
R06AE,PIPERAZINE DERIVATIVES
R06AE07,CETIRIZINE
G03AA,"PROGESTOGENS AND ESTROGENS, FIXED COMBINATIONS"
G03AA09,DESOGESTREL AND ETHINYLESTRADIOL
G03AA06,NORGESTREL AND ETHINYLESTRADIOL
G03AA08,MEDROXYPROGESTERONE AND ETHINYLESTRADIOL
A10AB04,INSULIN LISPRO
J07BF03,"POLIOMYELITIS, TRIVALENT, INACTIVATED, WHOLE VIRUS"
L01XE12,VANDETANIB
J01XX,OTHER ANTIBACTERIALS
J01XX08,LINEZOLID
G03FA11,LEVONORGESTREL AND ESTROGEN
A10BH,DIPEPTIDYL PEPTIDASE 4 (DPP-4) INHIBITORS
A10BH01,SITAGLIPTIN
C10AA07,ROSUVASTATIN
L03AB05,INTERFERON ALFA-2B
J07A,BACTERIAL VACCINES
J07AG,HEMOPHILUS INFLUENZAE B VACCINES
J07AG01,"HEMOPHILUS INFLUENZAE B, PURIFIED ANTIGEN CONJUGATED"
J01DD04,CEFTRIAXONE
G03HA,"ANTIANDROGENS, PLAIN"
G03HA01,CYPROTERONE
C05AE,MUSCLE RELAXANTS
N02CA,ERGOT ALKALOIDS
N02CA72,"ERGOTAMINE, COMBINATIONS WITH PSYCHOLEPTICS"
L01XC14,TRASTUZUMAB EMTANSINE
B02BD07,COAGULATION FACTOR XIII
J02AC01,FLUCONAZOLE
D01AE02,METHYLROSANILINE
N03AA02,PHENOBARBITAL
G04BX,OTHER UROLOGICALS
G04BX13,DIMETHYL SULFOXIDE
L01XC16,DINUTUXIMAB
H05A,PARATHYROID HORMONES AND ANALOGUES
H05AA,PARATHYROID HORMONES AND ANALOGUES
H05AA02,TERIPARATIDE
R03BA01,BECLOMETASONE
B01AC30,COMBINATIONS
D11AX16,EFLORNITHINE
D05B,ANTIPSORIATICS FOR SYSTEMIC USE
D05BB,RETINOIDS FOR TREATMENT OF PSORIASIS
D05BB02,ACITRETIN
A02BC04,RABEPRAZOLE
L01XX35,ANAGRELIDE
D01AC20,COMBINATIONS
L02BG03,ANASTROZOLE
L01XE16,CRIZOTINIB
C09BA02,ENALAPRIL AND DIURETICS
J07BK,VARICELLA ZOSTER VACCINES
J07BK01,"VARICELLA, LIVE ATTENUATED"
J01E,SULFONAMIDES AND TRIMETHOPRIM
J01EE,"COMBINATIONS OF SULFONAMIDES AND TRIMETHOPRIM, INCL. DERIVATIVES"
J01EE01,SULFAMETHOXAZOLE AND TRIMETHOPRIM
A16AX06,MIGLUSTAT
M04AC,PREPARATIONS WITH NO EFFECT ON URIC ACID METABOLISM
M04AC01,COLCHICINE
G03FA04,PROGESTERONE AND ESTROGEN
N04BC09,ROTIGOTINE
S01EB05,PHYSOSTIGMINE
R03BC,"ANTIALLERGIC AGENTS, EXCL. CORTICOSTEROIDS"
R03BC01,CROMOGLICIC ACID
R01AC01,CROMOGLICIC ACID
N05AL,BENZAMIDES
N05AL01,SULPIRIDE
P03AX,"OTHER ECTOPARASITICIDES, INCL. SCABICIDES"
L01AA,NITROGEN MUSTARD ANALOGUES
L01AA01,CYCLOPHOSPHAMIDE
N04BA02,LEVODOPA AND DECARBOXYLASE INHIBITOR
J07BM,PAPILLOMAVIRUS VACCINES
J07BM01,"PAPILLOMAVIRUS (HUMAN TYPES 6, 11, 16, 18)"
C09CA02,EPROSARTAN
D04AB01,LIDOCAINE
P03AB,CHLORINE CONTAINING PRODUCTS
P03AB02,LINDANE
H03AA02,LIOTHYRONINE SODIUM
N05AN,LITHIUM
N05AN01,LITHIUM
A07DA,ANTIPROPULSIVES
A07DA03,LOPERAMIDE
S01FA04,CYCLOPENTOLATE
N05AL05,AMISULPRIDE
D08AX,OTHER ANTISEPTICS AND DISINFECTANTS
D08AX08,ETHANOL
N05BA06,LORAZEPAM
H02AB13,DEFLAZACORT
L01XX25,BEXAROTENE
S03C,CORTICOSTEROIDS AND ANTIINFECTIVES IN COMBINATION
S03CA,CORTICOSTEROIDS AND ANTIINFECTIVES IN COMBINATION
G03AC02,LYNESTRENOL
C07AA12,NADOLOL
L04AC03,ANAKINRA
A12CC,MAGNESIUM
A12CC02,MAGNESIUM SULFATE
B05BC,SOLUTIONS PRODUCING OSMOTIC DIURESIS
B05BC01,MANNITOL
G03GA09,CORIFOLLITROPIN ALFA
L04AC02,BASILIXIMAB
N06AA21,MAPROTILINE
J07BD52,"MEASLES, COMBINATIONS WITH MUMPS AND RUBELLA, LIVE ATTENUATED"
P02CA01,MEBENDAZOLE
C07F,BETA BLOCKING AGENTS AND OTHER ANTIHYPERTENSIVES
C07FB,"BETA BLOCKING AGENTS, SELECTIVE, AND OTHER ANTIHYPERTENSIVES"
C07FB07,BISOPROLOL AND OTHER ANTIHYPERTENSIVES
G03XA,ANTIGONADOTROPINS AND SIMILAR AGENTS
G03XA01,DANAZOL
M03AC09,ROCURONIUM BROMIDE
N06AA01,DESIPRAMINE
L01XC32,ATEZOLIZUMAB
A10BH02,VILDAGLIPTIN
C01CA04,DOPAMINE
S01ED,BETA BLOCKING AGENTS
S01ED51,"TIMOLOL, COMBINATIONS"
J01A,TETRACYCLINES
J01AA,TETRACYCLINES
J01AA02,DOXYCYCLINE
G03DB,PREGNADIEN DERIVATIVES
G03DB01,DYDROGESTERONE
C09AA02,ENALAPRIL
V09,DIAGNOSTIC RADIOPHARMACEUTICALS
V09F,THYROID
V09FX,VARIOUS THYROID DIAGNOSTIC RADIOPHARMACEUTICALS
V09FX03,SODIUM IODIDE (SUP131/SUPI)
S01AA17,ERYTHROMYCIN
J01FA01,ERYTHROMYCIN
B01AE03,ARGATROBAN
B02BB,FIBRINOGEN
B02BB01,"FIBRINOGEN, HUMAN"
L03AA02,FILGRASTIM
G04C,DRUGS USED IN BENIGN PROSTATIC HYPERTROPHY
G04CB,TESTOSTERONE-5-ALPHA REDUCTASE INHIBITORS
G04CB01,FINASTERIDE
L01BB,PURINE ANALOGUES
L01BB05,FLUDARABINE
H02AA,MINERALOCORTICOIDS
H02AA02,FLUDROCORTISONE
V03AB25,FLUMAZENIL
S01BA06,BETAMETHASONE
N06AX12,BUPROPION
A10BB02,CHLORPROPAMIDE
A03C,ANTISPASMODICS IN COMBINATION WITH PSYCHOLEPTICS
A03CA,SYNTHETIC ANTICHOLINERGIC AGENTS IN COMBINATION WITH PSYCHOLEPTICS
A03CA02,CLIDINIUM AND PSYCHOLEPTICS
C03AA,"THIAZIDES, PLAIN"
C03AA03,HYDROCHLOROTHIAZIDE
S01BA02,HYDROCORTISONE
J01XX05,METHENAMINE
P01BA,AMINOQUINOLINES
P01BA02,HYDROXYCHLOROQUINE
C05BA,HEPARINS OR HEPARINOIDS FOR TOPICAL USE
C05BA04,PENTOSAN POLYSULFATE SODIUM
V09I,TUMOUR DETECTION
V09IX,OTHER DIAGNOSTIC RADIOPHARMACEUTICALS FOR TUMOUR DETECTION
L01XX05,HYDROXYCARBAMIDE
V09IX04,FLUDEOXYGLUCOSE (SUP18/SUPF)
L04AX06,POMALIDOMIDE
M02AA15,DICLOFENAC
L01AA06,IFOSFAMIDE
B05XA31,ELECTROLYTES IN COMBINATION WITH OTHER DRUGS
M01CC,PENICILLAMINE AND SIMILAR AGENTS
M01CC01,PENICILLAMINE
A10AB30,COMBINATIONS
A10AE,"INSULINS AND ANALOGUES FOR INJECTION, LONG-ACTING"
A10AE01,INSULIN (HUMAN)
G01AC,QUINOLINE DERIVATIVES
G01AC01,DIIODOHYDROXYQUINOLINE
N05AB06,TRIFLUOPERAZINE
G04CB02,DUTASTERIDE
H02AB06,PREDNISOLONE
J01AA12,TIGECYCLINE
J04AC01,ISONIAZID
V03AF,DETOXIFYING AGENTS FOR ANTINEOPLASTIC TREATMENT
V03AF01,MESNA
r,RESPIRATORY SYSTEM
r03,DRUGS FOR OBSTRUCTIVE AIRWAY DISEASES
r03c,ADRENERGICS FOR SYSTEMIC USE
r03cb,NON-SELECTIVE BETA-ADRENORECEPTOR AGONISTS
r03cb03,ORCIPRENALINE
v,VARIOUS
v03,ALL OTHER THERAPEUTIC PRODUCTS
v03a,ALL OTHER THERAPEUTIC PRODUCTS
v03ab,ANTIDOTES
v03ab01,IPECACUANHA
N05AG,DIPHENYLBUTYLPIPERIDINE DERIVATIVES
N05AG02,PIMOZIDE
L01XC04,ALEMTUZUMAB
V10,THERAPEUTIC RADIOPHARMACEUTICALS
V10X,OTHER THERAPEUTIC RADIOPHARMACEUTICALS
V10XA,IODINE (131I) COMPOUNDS
V10XA02,IOBENGUANE (SUP131/SUPI)
V09IX02,IOBENGUANE (SUP131/SUPI)
V09B,SKELETON
V09BA,TECHNETIUM (99MTC) COMPOUNDS
V09BA02,TECHNETIUM (SUP99M/SUPTC) MEDRONIC ACID
V09H,INFLAMMATION AND INFECTION DETECTION
V09HX,OTHER DIAGNOSTIC RADIOPHARMACEUTICALS FOR INFLAMMATION AND INFECTION DETECTION
V09HX01,GALLIUM (SUP67/SUPGA) CITRATE
V09D,HEPATIC AND RETICULO ENDOTHELIAL SYSTEM
V09DB,"TECHNETIUM (99MTC), PARTICLES AND COLLOIDS"
V09DB05,TECHNETIUM (SUP99M/SUPTC) SULFUR COLLOID
M03BX01,BACLOFEN
V08B,"X-RAY CONTRAST MEDIA, NON-IODINATED"
V08BA,BARIUM SULFATE CONTAINING X-RAY CONTRAST MEDIA
V08BA02,BARIUM SULFATE WITHOUT SUSPENDING AGENTS
J07AN,TUBERCULOSIS VACCINES
A03CB,BELLADONNA AND DERIVATIVES IN COMBINATION WITH PSYCHOLEPTICS
A03CB02,BELLADONNA TOTAL ALKALOIDS AND PSYCHOLEPTICS
A01AD,OTHER AGENTS FOR LOCAL ORAL TREATMENT
A01AD02,BENZYDAMINE
C07AB07,BISOPROLOL
V09C,RENAL SYSTEM
V09CA,TECHNETIUM (99MTC) COMPOUNDS
V09CA01,TECHNETIUM (SUP99M/SUPTC) PENTETIC ACID
V09A,CENTRAL NERVOUS SYSTEM
V09AA,TECHNETIUM (99MTC) COMPOUNDS
V09AA02,TECHNETIUM (SUP99M/SUPTC) BICISATE
V10A,ANTIINFLAMMATORY AGENTS
V10AX,OTHER ANTIINFLAMMATORY THERAPEUTIC RADIOPHARMACEUTICALS
V10AX01,PHOSPHOROUS (SUP32/SUPP) CHROMICPHOSPHATE COLLOID
S01AA10,NATAMYCIN
V10B,PAIN PALLIATION (BONE SEEKING AGENTS)
V10BX,VARIOUS PAIN PALLIATION RADIOPHARMACEUTICALS
V10BX02,SAMARIUM (SUP153/SUPSM) LEXIDRONAM
V10AX05,RHENIUM (SUP186/SUPRE) SULFIDE COLLOID
V10XX,VARIOUS THERAPEUTIC RADIOPHARMACEUTICALS
V10XX01,SODIUM PHOSPHATE (SUP32/SUPP)
V10BX03,RHENIUM (SUP186/SUPRE) ETIDRONIC ACID
L04AA37,BARICITINIB
N07AB,CHOLINE ESTERS
N07AB02,BETHANECHOL
A10BD15,METFORMIN AND DAPAGLIFLOZIN
N04AA02,BIPERIDEN
H03B,ANTITHYROID PREPARATIONS
H03BB,SULFUR-CONTAINING IMIDAZOLE DERIVATIVES
H03BB02,THIAMAZOLE
M03BA,CARBAMIC ACID ESTERS
M03BA03,METHOCARBAMOL
R03AK09,FORMOTEROL AND MOMETASONE
M02AC,PREPARATIONS WITH SALICYLIC ACID DERIVATIVES
C02A,"ANTIADRENERGIC AGENTS, CENTRALLY ACTING"
C02AB,METHYLDOPA
C02AB02,METHYLDOPA (RACEMIC)
G02AB01,METHYLERGOMETRINE
C01DA08,ISOSORBIDE DINITRATE
C04AA,2-AMINO-1-PHENYLETHANOL DERIVATIVES
C04AA01,ISOXSUPRINE
J02AC02,ITRACONAZOLE
N01AX03,KETAMINE
J02AB,IMIDAZOLE DERIVATIVES
J02AB02,KETOCONAZOLE
V09FX01,TECHNETIUM (SUP99M/SUPTC) PERTECHNETATE
V09E,RESPIRATORY SYSTEM
V09EB,"TECHNETIUM (99MTC), PARTICLES FOR INJECTION"
V09EB01,TECHNETIUM (SUP99M/SUPTC) MACROSALB
V09DA,TECHNETIUM (99MTC) COMPOUNDS
V09DA04,TECHNETIUM (SUP99M/SUPTC) MEBROFENIN
V09DB07,TECHNETIUM (SUP99M/SUPTC) PHYTATE
J05AF05,LAMIVUDINE
N03AX09,LAMOTRIGINE
P01BE,"ARTEMISININ AND DERIVATIVES, PLAIN"
P01BE03,ARTESUNATE
V10AA,YTTRIUM (90Y) COMPOUNDS
V10AA01,YTTRIUM (SUP90/SUPY) CITRATE COLLOID
V03AF03,CALCIUM FOLINATE
G03DA02,MEDROXYPROGESTERONE
M01AG,FENAMATES
M01AG01,MEFENAMIC ACID
N06AX22,AGOMELATINE
N05AE05,LURASIDONE
G04BD12,MIRABEGRON
L02AB,PROGESTOGENS
L02AB01,MEGESTROL
R03DC01,ZAFIRLUKAST
B03BA03,HYDROXOCOBALAMIN
A12CB,ZINC
A12CB01,ZINC SULFATE
V07,ALL OTHER NON-THERAPEUTIC PRODUCTS
J05AR10,LOPINAVIR AND RITONAVIR
V09G,CARDIOVASCULAR SYSTEM
V09GA,TECHNETIUM (99MTC) COMPOUNDS
V09GA01,TECHNETIUM (SUP99M/SUPTC) SESTAMIBI
V09CA02,TECHNETIUM (SUP99M/SUPTC) SUCCIMER
R06AD,PHENOTHIAZINE DERIVATIVES
R06AD02,PROMETHAZINE
C08D,SELECTIVE CALCIUM CHANNEL BLOCKERS WITH DIRECT CARDIAC EFFECTS
C08DA,PHENYLALKYLAMINE DERIVATIVES
C08DA01,VERAPAMIL
A11CA,"VITAMIN A, PLAIN"
A11CA01,RETINOL (VIT A)
S01XA02,RETINOL
A11CB,VITAMIN A AND D IN COMBINATION
A11E,"VITAMIN B-COMPLEX, INCL. COMBINATIONS"
A11EA,"VITAMIN B-COMPLEX, PLAIN"
B03BA,VITAMIN B12 (CYANOCOBALAMIN AND ANALOGUES)
B03BA01,CYANOCOBALAMIN
A11H,OTHER PLAIN VITAMIN PREPARATIONS
A11HA,OTHER PLAIN VITAMIN PREPARATIONS
A11HA02,PYRIDOXINE (VIT B6)
A11G,"ASCORBIC ACID (VITAMIN C), INCL. COMBINATIONS"
A11GA,"ASCORBIC ACID (VITAMIN C), PLAIN"
A11GA01,ASCORBIC ACID (VIT C)
J01MB,OTHER QUINOLONES
J01MB02,NALIDIXIC ACID
V03AB15,NALOXONE
A14,ANABOLIC AGENTS FOR SYSTEMIC USE
A14A,ANABOLIC STEROIDS
A14AB,ESTREN DERIVATIVES
A14AB01,NANDROLONE
N06AA10,NORTRIPTYLINE
A03AA03,CAMYLOFIN
D01AA01,NYSTATIN
G01AA,ANTIBIOTICS
G01AA01,NYSTATIN
D07CB,"CORTICOSTEROIDS, MODERATELY POTENT, COMBINATIONS WITH ANTIBIOTICS"
D07CB01,TRIAMCINOLONE AND ANTIBIOTICS
J01XX04,SPECTINOMYCIN
V09HA,TECHNETIUM (99MTC) COMPOUNDS
V09GA06,TECHNETIUM (SUP99M/SUPTC) STANNOUS AGENT LABELLED CELLS
V09IA,TECHNETIUM (99MTC) COMPOUNDS
V09IA03,TECHNETIUM (SUP99M/SUPTC) PENTAVALENT SUCCIMER
V09BA03,TECHNETIUM (SUP99M/SUPTC) PYROPHOSPHATE
N06AA17,AMOXAPINE
B06,OTHER HEMATOLOGICAL AGENTS
B06A,OTHER HEMATOLOGICAL AGENTS
B06AC,DRUGS USED IN HEREDITARY ANGIOEDEMA
B06AC01,"C1-INHIBITOR, PLASMA DERIVED"
N03AX18,LACOSAMIDE
N05AE03,SERTINDOLE
A14AA,ANDROSTAN DERIVATIVES
A14AA08,OXANDROLONE
G04BD04,OXYBUTYNIN
A14AA05,OXYMETHOLONE
H01BB,OXYTOCIN AND ANALOGUES
H01BB02,OXYTOCIN
A09AA02,"MULTIENZYMES (LIPASE, PROTEASE ETC.)"
M03AC01,PANCURONIUM
J01CE,BETA-LACTAMASE SENSITIVE PENICILLINS
J01CE01,BENZYLPENICILLIN
N02AD,BENZOMORPHAN DERIVATIVES
N02AD01,PENTAZOCINE
C04AD,PURINE DERIVATIVES
C04AD03,PENTOXIFYLLINE
N05AB03,PERPHENAZINE
A06AB58,"SODIUM PICOSULFATE, COMBINATIONS"
G04BX06,PHENAZOPYRIDINE
J07AH04,"MENINGOCOCCUS A,C,Y,W-135, TETRAVALENT PURIFIED POLYSACCHARIDES ANTIGEN"
S02C,CORTICOSTEROIDS AND ANTIINFECTIVES IN COMBINATION
S02CA,CORTICOSTEROIDS AND ANTIINFECTIVES IN COMBINATION
S02CA03,HYDROCORTISONE AND ANTIINFECTIVES
R01AA,"SYMPATHOMIMETICS, PLAIN"
R01AA04,PHENYLEPHRINE
D03,PREPARATIONS FOR TREATMENT OF WOUNDS AND ULCERS
A12CX,OTHER MINERAL PRODUCTS
S01EB01,PILOCARPINE
P02CB,PIPERAZINE AND DERIVATIVES
P02CB01,PIPERAZINE
N06BX,OTHER PSYCHOSTIMULANTS AND NOOTROPICS
N06BX03,PIRACETAM
J07BL,YELLOW FEVER VACCINES
J07BL01,"YELLOW FEVER, LIVE ATTENUATED"
A01AC,CORTICOSTEROIDS FOR LOCAL ORAL TREATMENT
A01AC01,TRIAMCINOLONE
V09X,OTHER DIAGNOSTIC RADIOPHARMACEUTICALS
G02AD,PROSTAGLANDINS
G02AD06,MISOPROSTOL
P01BF,"ARTEMISININ AND DERIVATIVES, COMBINATIONS"
P01BF01,ARTEMETHER AND LUMEFANTRINE
G04BX14,DAPOXETINE
A16AX03,SODIUM PHENYLBUTYRATE
A06AD15,MACROGOL
D02AA,SILICONE PRODUCTS
B05AX03,BLOOD PLASMA
N01BA,ESTERS OF AMINOBENZOIC ACID
N01BA01,METABUTETHAMINE
A03FA03,DOMPERIDONE
N03AX17,STIRIPENTOL
G03CX,OTHER ESTROGENS
G03CX01,TIBOLONE
C01EB15,TRIMETAZIDINE
N03AX15,ZONISAMIDE
A06AX03,LUBIPROSTONE
S01EE05,TAFLUPROST
J07BF01,"POLIOMYELITIS ORAL, MONOVALENT, LIVE ATTENUATED"
N07BA,DRUGS USED IN NICOTINE DEPENDENCE
N07BA01,NICOTINE
N05CC,ALDEHYDES AND DERIVATIVES
N05CC01,CHLORAL HYDRATE
R07AX,OTHER RESPIRATORY SYSTEM PRODUCTS
R07AX30,"ELBASVIR AND  IVACAFTOR AND LUMACAFTOR "
C10B,"LIPID MODIFYING AGENTS, COMBINATIONS"
C10BX,"HMG COA REDUCTASE INHIBITORS, OTHER COMBINATIONS"
C10BX03,ATORVASTATIN AND AMLODIPINE
C02C,"ANTIADRENERGIC AGENTS, PERIPHERALLY ACTING"
C02CA,ALPHA-ADRENORECEPTOR ANTAGONISTS
C02CA01,PRAZOSIN
A10AE06,INSULIN DEGLUDEC
A10AD06,INSULIN DEGLUDEC AND INSULIN ASPART
J05AX68,ELBASVIR AND GRAZOPREVIR
R03AK07,FORMOTEROL AND BUDESONIDE
A04AD,OTHER ANTIEMETICS
A04AD12,APREPITANT
M09,OTHER DRUGS FOR DISORDERS OF THE MUSCULO-SKELETAL SYSTEM
M09A,OTHER DRUGS FOR DISORDERS OF THE MUSCULO-SKELETAL SYSTEM
M09AX,OTHER DRUGS FOR DISORDERS OF THE MUSCULO-SKELETAL SYSTEM
S01LA04,RANIBIZUMAB
N06BA02,DEXAMFETAMINE
J01MA02,CIPROFLOXACIN
S01BC05,KETOROLAC
N06BC,XANTHINE DERIVATIVES
N06BC01,CAFFEINE
L04AA10,SIROLIMUS
R01BA51,"PHENYLPROPANOLAMINE, COMBINATIONS"
R01AD01,BECLOMETASONE
G04CA53,TAMSULOSIN AND SOLIFENACIN
C01BA01,QUINIDINE
J02AA,ANTIBIOTICS
J02AA01,AMPHOTERICIN B
J05AF08,ADEFOVIR DIPIVOXIL
L01XC10,OFATUMUMAB
A12CD51,"FLUORIDE, COMBINATIONS"
R06AE05,MECLOZINE
S01EX,OTHER ANTIGLAUCOMA PREPARATIONS
R06AA02,DIPHENHYDRAMINE
B05AX,OTHER BLOOD PRODUCTS
S01GA,SYMPATHOMIMETICS USED AS DECONGESTANTS
S01GA04,OXYMETAZOLINE
N01AX13,NITROUS OXIDE
V04,DIAGNOSTIC AGENTS
V04C,OTHER DIAGNOSTIC AGENTS
V04CX,OTHER DIAGNOSTIC AGENTS
C01EB16,IBUPROFEN
L01XE05,SORAFENIB
A11HA05,BIOTIN
A07AA06,PAROMOMYCIN
D08AG,IODINE PRODUCTS
D08AG02,POVIDONE-IODINE
D03A,CICATRIZANTS
D03AX,OTHER CICATRIZANTS
D03AX03,DEXPANTHENOL
m,MUSCULO-SKELETAL SYSTEM
m03,MUSCLE RELAXANTS
m03a,"MUSCLE RELAXANTS, PERIPHERALLY ACTING AGENTS"
m03ac,OTHER QUATERNARY AMMONIUM COMPOUNDS
m03ac10,MIVACURIUM CHLORIDE
C01A,CARDIAC GLYCOSIDES
C01AA,DIGITALIS GLYCOSIDES
C01AA05,DIGOXIN
D06BB10,IMIQUIMOD
J05AB06,GANCICLOVIR
R05CA10,COMBINATIONS
A12A,CALCIUM
A12AA,CALCIUM
A12AA03,CALCIUM GLUCONATE
L01AA03,MELPHALAN
B02BA,VITAMIN K
B02BA01,PHYTOMENADIONE
R06AA04,CLEMASTINE
B05XA01,POTASSIUM CHLORIDE
A06AB08,SODIUM PICOSULFATE
L01XX08,PENTOSTATIN
V08CB,SUPERPARAMAGNETIC CONTRAST MEDIA
L01CA05,VINFLUNINE
D11AX12,PYRITHIONE ZINC
B01AC17,TIROFIBAN
p,"ANTIPARASITIC PRODUCTS, INSECTICIDES AND REPELLENTS"
p01,ANTIPROTOZOALS
p01b,ANTIMALARIALS
p01bc,METHANOLQUINOLINES
p01bc02,MEFLOQUINE
J04AB04,RIFABUTIN
J05AE03,RITONAVIR
B05AX01,ERYTHROCYTES
B05AX02,THROMBOCYTES
V09GX,OTHER CARDIOVASCULAR SYSTEM DIAGNOSTIC RADIOPHARMACEUTICALS
V09GX01,THALLIUM (SUP201/SUPTL) CHLORIDE
G01AX11,POVIDONE-IODINE
N01BB54,"PRILOCAINE, COMBINATIONS"
P01BA03,PRIMAQUINE
L01XB,METHYLHYDRAZINES
L01XB01,PROCARBAZINE
J05AR06,"EMTRICITABINE, TENOFOVIR DISOPROXIL AND EFAVIRENZ"
J05AX08,RALTEGRAVIR
A03AB,"SYNTHETIC ANTICHOLINERGICS, QUATERNARY AMMONIUM COMPOUNDS"
A03AB05,PROPANTHELINE
H03BA,THIOURACILS
H03BA02,PROPYLTHIOURACIL
C09CA07,TELMISARTAN
B03AA02,FERROUS FUMARATE
D06AX01,FUSIDIC ACID
J04AK02,ETHAMBUTOL
G03CA01,ETHINYLESTRADIOL
L02AA,ESTROGENS
L02AA03,ETHINYLESTRADIOL
L01XX27,ARSENIC TRIOXIDE
N02BA,SALICYLIC ACID AND DERIVATIVES
N02BA01,ACETYLSALICYLIC ACID
N02BA71,"ACETYLSALICYLIC ACID, COMBINATIONS WITH PSYCHOLEPTICS"
A10BH05,LINAGLIPTIN
G03AA16,DIENOGEST AND ETHINYLESTRADIOL
B01AC24,TICAGRELOR
L01x,OTHER ANTINEOPLASTIC AGENTS
L01xx,OTHER ANTINEOPLASTIC AGENTS
L01xx19,IRINOTECAN
G04BE02,PAPAVERINE
G02CB01,BROMOCRIPTINE
N02AE,ORIPAVINE DERIVATIVES
N02AE01,BUPRENORPHINE
A02AH,ANTACIDS WITH SODIUM BICARBONATE
D03AA,COD-LIVER OIL OINTMENTS
A11CC04,CALCITRIOL
C05B,ANTIVARICOSE THERAPY
C05BX,OTHER SCLEROSING AGENTS
C05BX01,CALCIUM DOBESILATE
S01AA01,CHLORAMPHENICOL
N07BB03,ACAMPROSATE
J01B,AMPHENICOLS
J01BA,AMPHENICOLS
J01BA01,CHLORAMPHENICOL
N05BA02,CHLORDIAZEPOXIDE
S01FA05,HOMATROPINE
P01BA01,CHLOROQUINE
J04BA01,CLOFAZIMINE
N05AA,PHENOTHIAZINES WITH ALIPHATIC SIDE-CHAIN
N05AA01,CHLORPROMAZINE
A16AA05,CARGLUMIC ACID
H01BA01,VASOPRESSIN
R01AA08,NAPHAZOLINE
S01GA01,NAPHAZOLINE
J05AE,PROTEASE INHIBITORS
J05AE04,NELFINAVIR
P02D,ANTICESTODALS
P02DA,SALICYLIC ACID DERIVATIVES
P02DA01,NICLOSAMIDE
C10AD,NICOTINIC ACID AND DERIVATIVES
C10AD02,NICOTINIC ACID
N05CD02,NITRAZEPAM
D09AA03,NITROFURAL
J01CR01,AMPICILLIN AND ENZYME INHIBITOR
L01XX43,VISMODEGIB
M02AA07,PIROXICAM
C09b,"ACE INHIBITORS, COMBINATIONS"
C09ba,ACE INHIBITORS AND DIURETICS
C09ba03,LISINOPRIL AND DIURETICS
L03AB03,INTERFERON GAMMA
V08CA09,GADOBUTROL
G04CA,ALPHA-ADRENORECEPTOR ANTAGONISTS
G04CA02,TAMSULOSIN
J05AR,"ANTIVIRALS FOR TREATMENT OF HIV INFECTIONS, COMBINATIONS"
J05AR01,ZIDOVUDINE AND LAMIVUDINE
J04AD,THIOCARBAMIDE DERIVATIVES
J04AD01,PROTIONAMIDE
A06AD65,"MACROGOL, COMBINATIONS"
J04AK05,BEDAQUILINE
B01AC16,EPTIFIBATIDE
J05AX12,DOLUTEGRAVIR
J05AF06,ABACAVIR
P01BC,METHANOLQUINOLINES
P01BC01,QUININE
S01GX09,OLOPATADINE
A12AA04,CALCIUM CARBONATE
J01GB06,AMIKACIN
R03DA,XANTHINES
R03DA05,AMINOPHYLLINE
P01BD51,"PYRIMETHAMINE, COMBINATIONS"
N06AA09,AMITRIPTYLINE
A10AE04,INSULIN GLARGINE
J01CA01,AMPICILLIN
A11HA31,CALCIUM PANTOTHENATE
C09AA01,CAPTOPRIL
V03AB35,SUGAMMADEX
J01DD01,CEFOTAXIME
J01DD02,CEFTAZIDIME
J01DD07,CEFTIZOXIME
L01XX32,BORTEZOMIB
J05AB14,VALGANCICLOVIR
A16AB,ENZYMES
A16AB02,IMIGLUCERASE
L01CA02,VINCRISTINE
N01AF,"BARBITURATES, PLAIN"
N01AF03,THIOPENTAL
J07BC02,"HEPATITIS A, INACTIVATED, WHOLE VIRUS"
G04CA03,TERAZOSIN
J01CF,BETA-LACTAMASE RESISTANT PENICILLINS
J01CF02,CLOXACILLIN
B01AC21,TREPROSTINIL
L01BC06,CAPECITABINE
L01XC41,TRASTUZUMAB DERUXTECAN
J07AH,MENINGOCOCCAL VACCINES
J07AH05,OTHER MENINGOCOCCAL POLYVALENT PURIFIED POLYSACCHARIDES ANTIGEN
N06AA05,OPIPRAMOL
S01GA51,"NAPHAZOLINE, COMBINATIONS"
S01AD,ANTIVIRALS
S01AD02,TRIFLURIDINE
S01F,MYDRIATICS AND CYCLOPLEGICS
S01FA,ANTICHOLINERGICS
S01FA01,ATROPINE
S01ED01,TIMOLOL
S03B,CORTICOSTEROIDS
S03BA,CORTICOSTEROIDS
S03BA01,DEXAMETHASONE
S01XA03,"SODIUM CHLORIDE, HYPERTONIC"
S01AE03,CIPROFLOXACIN
S01AD01,IDOXURIDINE
S01AA09,TETRACYCLINE
S01ED02,BETAXOLOL
S01AD03,ACICLOVIR
S01FA06,TROPICAMIDE
S01BA04,PREDNISOLONE
S01GA55,"PHENYLEPHRINE, COMBINATIONS"
N04BC07,APOMORPHINE
d,DERMATOLOGICALS
d06,ANTIBIOTICS AND CHEMOTHERAPEUTICS FOR DERMATOLOGICAL USE
d06b,CHEMOTHERAPEUTICS FOR TOPICAL USE
d06ba,SULFONAMIDES
d06ba03,MAFENIDE
G01AE,SULFONAMIDES
G01AE10,COMBINATIONS OF SULFONAMIDES
H02AB02,DEXAMETHASONE
S02,OTOLOGICALS
S02A,ANTIINFECTIVES
S02AA,ANTIINFECTIVES
S02AA11,POLYMYXIN B
B06AA,ENZYMES
B06AA02,FIBRINOLYSIN AND DESOXYRIBONUCLEASE
L01XX02,ASPARAGINASE
C09CA04,IRBESARTAN
R03DA54,"THEOPHYLLINE, COMBINATIONS EXCL. PSYCHOLEPTICS"
A10BD07,METFORMIN AND SITAGLIPTIN
L01XE08,NILOTINIB
H01AC03,MECASERMIN
J01CF06,NAFCILLIN
d04,"ANTIPRURITICS, INCL. ANTIHISTAMINES, ANESTHETICS, ETC."
d04a,"ANTIPRURITICS, INCL. ANTIHISTAMINES, ANESTHETICS, ETC."
d04ab,ANESTHETICS FOR TOPICAL USE
d04ab01,LIDOCAINE
D10AX05,DAPSONE
N06DA04,GALANTAMINE
D01AE12,SALICYLIC ACID
N01AX63,"NITROUS OXIDE, COMBINATIONS"
L04AX,OTHER IMMUNOSUPPRESSANTS
L04AX02,THALIDOMIDE
A03AA07,DICYCLOVERINE
J01CA17,TEMOCILLIN
L04AX01,AZATHIOPRINE
D11AX06,MEQUINOL
n07,OTHER NERVOUS SYSTEM DRUGS
n07a,PARASYMPATHOMIMETICS
n07aa,ANTICHOLINESTERASES
n07aa02,PYRIDOSTIGMINE
A07X,OTHER ANTIDIARRHEALS
A07XA,OTHER ANTIDIARRHEALS
A07XA04,RACECADOTRIL
C02AC02,GUANFACINE
A14AA07,PRASTERONE
A05AA01,CHENODEOXYCHOLIC ACID
N06BX18,VINPOCETINE
V03AH,DRUGS FOR TREATMENT OF HYPOGLYCEMIA
V03AH01,DIAZOXIDE
L01BC53,"TEGAFUR, COMBINATIONS"
B01AA07,ACENOCOUMAROL
A01AB,ANTIINFECTIVES AND ANTISEPTICS FOR LOCAL ORAL TREATMENT
A01AB04,AMPHOTERICIN B
C09DX01,"VALSARTAN, AMLODIPINE AND HYDROCHLOROTHIAZIDE"
V08AD,NON-WATERSOLUBLE X-RAY CONTRAST MEDIA
V08AD01,ETHYL ESTERS OF IODISED FATTY ACIDS
M09AB,ENZYMES
M09AB02,COLLAGENASE CLOSTRIDIUM HISTOLYTICUM
J05AH,NEURAMINIDASE INHIBITORS
J05AH02,OSELTAMIVIR
S01AD09,GANCICLOVIR
D07AA03,PREDNISOLONE
L01XY,COMBINATIONS OF ANTINEOPLASTIC AGENTS
R03DA04,THEOPHYLLINE
J05AG01,NEVIRAPINE
L01F,MONOCLONAL ANTIBODIES AND ANTIBODY DRUG CONJUGATES
L01FF,PD-1/PDL-1 (PROGRAMMED CELL DEATH PROTEIN 1/DEATH LIGAND 1) INHIBITORS
L01FF03,DURVALUMAB
A10BD11,METFORMIN AND LINAGLIPTIN
D10AD03,ADAPALENE
M01AE51,"IBUPROFEN, COMBINATIONS"
H02AA03,DESOXYCORTONE
L04AC05,USTEKINUMAB
R05DA20,COMBINATIONS
D11AX18,DICLOFENAC
J04B,DRUGS FOR TREATMENT OF LEPRA
J04BA,DRUGS FOR TREATMENT OF LEPRA
J04BA02,DAPSONE
N02CA01,DIHYDROERGOTAMINE
C08DB,BENZOTHIAZEPINE DERIVATIVES
C08DB01,DILTIAZEM
n01,ANESTHETICS
n01b,"ANESTHETICS, LOCAL"
n01bb,AMIDES
n01bb52,"LIDOCAINE, COMBINATIONS"
A10BX04,EXENATIDE
A07DA01,DIPHENOXYLATE
B02A,ANTIFIBRINOLYTICS
B02AA,AMINO ACIDS
B02AA02,TRANEXAMIC ACID
N02AA05,OXYCODONE
M03AC11,CISATRACURIUM
L01XC,MONOCLONAL ANTIBODIES
L01XC02,RITUXIMAB
A12AA12,CALCIUM ACETATE ANHYDROUS
J06A,IMMUNE SERA
J06AA,IMMUNE SERA
C03X,OTHER DIURETICS
C03XA,VASOPRESSIN ANTAGONISTS
C03XA01,TOLVAPTAN
S01EE03,BIMATOPROST
L01AB,ALKYL SULFONATES
L01AB01,BUSULFAN
N07CA02,CINNARIZINE
D06BA51,"SILVER SULFADIAZINE, COMBINATIONS"
N06BX06,CITICOLINE
J02AX01,FLUCYTOSINE
J06AA01,DIPHTHERIA ANTITOXIN
G01AA10,CLINDAMYCIN
N05BA09,CLOBAZAM
R05DB,OTHER COUGH SUPPRESSANTS
R05DB03,CLOBUTINOL
C10AB01,CLOFIBRATE
G03AC09,DESOGESTREL
V04CM,TESTS FOR FERTILITY DISTURBANCES
V04CM01,GONADORELIN
C02AC,IMIDAZOLINE RECEPTOR AGONISTS
C02AC01,CLONIDINE
N04BC06,CABERGOLINE
J01GB01,TOBRAMYCIN
D10AD01,TRETINOIN
A06AB,CONTACT LAXATIVES
A06AB02,BISACODYL
B01AF02,APIXABAN
B02BD06,VON WILLEBRAND FACTOR AND COAGULATION FACTOR VIII IN COMBINATION
J05AE08,ATAZANAVIR
L04AB01,ETANERCEPT
J04AB30,CAPREOMYCIN
H01CC02,CETRORELIX
R06AX27,DESLORATADINE
V09AA01,TECHNETIUM (SUP99M/SUPTC) EXAMETAZIME
A10BX12,EMPAGLIFLOZIN
D05AA,TARS
J07AM,TETANUS VACCINES
J07AM51,"TETANUS TOXOID, COMBINATIONS WITH DIPHTHERIA TOXOID"
B01AC05,TICLOPIDINE
N02BA04,SODIUM SALICYLATE
M01C,SPECIFIC ANTIRHEUMATIC AGENTS
M01CB,GOLD PREPARATIONS
M01CB01,SODIUM AUROTHIOMALATE
B01AC13,ABCIXIMAB
A10AB05,INSULIN ASPART
R03AK13,SALBUTAMOL AND BECLOMETASONE
J04AB05,RIFAPENTINE
R06AD03,THIETHYLPERAZINE
A07B,INTESTINAL ADSORBENTS
A07BA,CHARCOAL PREPARATIONS
J07BH,ROTA VIRUS DIARRHEA VACCINES
J07BH01,"ROTA VIRUS, LIVE ATTENUATED"
A11HA03,TOCOPHEROL (VIT E)
B05ZB,HEMOFILTRATES
R03AK08,FORMOTEROL AND BECLOMETASONE
N05AD08,DROPERIDOL
D02B,PROTECTIVES AGAINST UV-RADIATION
D02BA,PROTECTIVES AGAINST UV-RADIATION FOR TOPICAL USE
D02BA01,AMINOBENZOIC ACID
N05AH05,ASENAPINE
R03CC03,TERBUTALINE
B01AC09,EPOPROSTENOL
J01AA07,TETRACYCLINE
P02CA02,TIABENDAZOLE
N05AC,PHENOTHIAZINES WITH PIPERIDINE STRUCTURE
N05AC02,THIORIDAZINE
N05AF04,TIOTIXENE
M01AB03,TOLMETIN
D01AE18,TOLNAFTATE
N06AX05,TRAZODONE
D10AD53,"ADAPALENE, COMBINATIONS"
A07AA09,VANCOMYCIN
H01BB03,CARBETOCIN
A10AD,"INSULINS AND ANALOGUES FOR INJECTION, INTERMEDIATE- OR LONG-ACTING COMBINED WITH FAST-ACTING"
A10AD04,INSULIN LISPRO
A02BX05,BISMUTH SUBCITRATE
C09B,"ACE INHIBITORS, COMBINATIONS"
C09BA,ACE INHIBITORS AND DIURETICS
C09BA03,LISINOPRIL AND DIURETICS
B01AD11,TENECTEPLASE
D10AD51,"TRETINOIN, COMBINATIONS"
S01AE01,OFLOXACIN
N07XX09,DIMETHYL FUMARATE
J05AX,OTHER ANTIVIRALS
B01AF,DIRECT FACTOR XA INHIBITORS
B01AF01,RIVAROXABAN
l,ANTINEOPLASTIC AND IMMUNOMODULATING AGENTS
l03,IMMUNOSTIMULANTS
l03a,IMMUNOSTIMULANTS
l03aa,COLONY STIMULATING FACTORS
l03aa13,PEGFILGRASTIM
l01,ANTINEOPLASTIC AGENTS
l01x,OTHER ANTINEOPLASTIC AGENTS
l01xx,OTHER ANTINEOPLASTIC AGENTS
l01xx23,MITOTANE
J01FA02,SPIRAMYCIN
J07AL,PNEUMOCOCCAL VACCINES
J07AL02,"PNEUMOCOCCUS, PURIFIED POLYSACCHARIDES ANTIGEN CONJUGATED"
L01AD,NITROSOUREAS
L01AD01,CARMUSTINE
L01AA02,CHLORAMBUCIL
N01AB06,ISOFLURANE
N01AB08,SEVOFLURANE
L01AX04,DACARBAZINE
L02AB02,MEDROXYPROGESTERONE
J01EC,INTERMEDIATE-ACTING SULFONAMIDES
J01EC02,SULFADIAZINE
C01CA03,NOREPINEPHRINE
B02BD02,COAGULATION FACTOR VIII
C01BA,"ANTIARRHYTHMICS, CLASS IA"
C01BA02,PROCAINAMIDE
N03AG04,VIGABATRIN
C01BA03,DISOPYRAMIDE
L01BB07,NELARABINE
G03GA06,FOLLITROPIN BETA
H01CB03,LANREOTIDE
L03AB04,INTERFERON ALFA-2A
C01BB02,MEXILETINE
A10BD19,LINAGLIPTIN AND EMPAGLIFLOZIN
C02KX04,MACITENTAN
L04AC10,SECUKINUMAB
L03AB13,PEGINTERFERON BETA-1A
P02B,ANTITREMATODALS
P02BX,OTHER ANTITREMATODAL AGENTS
P02BX04,TRICLABENDAZOLE
P01C,AGENTS AGAINST LEISHMANIASIS AND TRYPANOSOMIASIS
P01CB,ANTIMONY COMPOUNDS
P01CB01,MEGLUMINE ANTIMONATE
L01AD02,LOMUSTINE
B02BD13,COAGULATION FACTOR X
L04AA25,ECULIZUMAB
R01AD58,"FLUTICASONE, COMBINATIONS"
j,ANTIINFECTIVES FOR SYSTEMIC USE
j05,ANTIVIRALS FOR SYSTEMIC USE
j05a,DIRECT ACTING ANTIVIRALS
j05af,NUCLEOSIDE AND NUCLEOTIDE REVERSE TRANSCRIPTASE INHIBITORS
j05af06,ABACAVIR
A10BB12,GLIMEPIRIDE
R03AL03,VILANTEROL AND UMECLIDINIUM BROMIDE
D11AX21,BRIMONIDINE
G04CA52,TAMSULOSIN AND DUTASTERIDE
L01XX09,MILTEFOSINE
D10AB,PREPARATIONS CONTAINING SULFUR
D10AB02,SULFUR
A16AB04,AGALSIDASE BETA
J01DD52,CEFTAZIDIME AND BETA-LACTAMASE INHIBITOR
J07BK02,"ZOSTER, LIVE ATTENUATED"
L01XC24,DARATUMUMAB
B02BC,LOCAL HEMOSTATICS
N02BA51,"ACETYLSALICYLIC ACID, COMBINATIONS EXCL. PSYCHOLEPTICS"
L01XE24,PONATINIB
J06AA04,BOTULINUM ANTITOXIN